-- phpMyAdmin SQL Dump
-- version 4.7.4
-- https://www.phpmyadmin.net/
--
-- Host: 127.0.0.1
-- Generation Time: Mar 20, 2018 at 09:22 AM
-- Server version: 10.1.28-MariaDB
-- PHP Version: 7.1.11

SET SQL_MODE = "NO_AUTO_VALUE_ON_ZERO";
SET AUTOCOMMIT = 0;
START TRANSACTION;
SET time_zone = "+00:00";


/*!40101 SET @OLD_CHARACTER_SET_CLIENT=@@CHARACTER_SET_CLIENT */;
/*!40101 SET @OLD_CHARACTER_SET_RESULTS=@@CHARACTER_SET_RESULTS */;
/*!40101 SET @OLD_COLLATION_CONNECTION=@@COLLATION_CONNECTION */;
/*!40101 SET NAMES utf8mb4 */;

--
-- Database: `db`
--

-- --------------------------------------------------------

--
-- Table structure for table `comments`
--

CREATE TABLE `comments` (
  `id` int(10) UNSIGNED NOT NULL,
  `body` text COLLATE utf8mb4_unicode_ci NOT NULL,
  `post_id` int(11) NOT NULL,
  `user_id` int(11) NOT NULL,
  `is_anonim` int(11) NOT NULL,
  `up_vote` int(11) NOT NULL,
  `down_vote` int(11) NOT NULL,
  `created_at` timestamp NULL DEFAULT NULL,
  `updated_at` timestamp NULL DEFAULT NULL
) ENGINE=InnoDB DEFAULT CHARSET=utf8mb4 COLLATE=utf8mb4_unicode_ci;

--
-- Dumping data for table `comments`
--

INSERT INTO `comments` (`id`, `body`, `post_id`, `user_id`, `is_anonim`, `up_vote`, `down_vote`, `created_at`, `updated_at`) VALUES
(75, '<p>asdasd&nbsp; <img style=\"width: 642px;\" src=\"data:image/jpeg;base64,/9j/4AAQSkZJRgABAQEAYABgAAD/4RDiRXhpZgAATU0AKgAAAAgABAE7AAIAAAAIAAAISodpAAQAAAABAAAIUpydAAEAAAAQAAAQyuocAAcAAAgMAAAAPgAAAAAc6gAAAAgAAAAAAAAAAAAAAAAAAAAAAAAAAAAAAAAAAAAAAAAAAAAAAAAAAAAAAAAAAAAAAAAAAAAAAAAAAAAAAAAAAAAAAAAAAAAAAAAAAAAAAAAAAAAAAAAAAAAAAAAAAAAAAAAAAAAAAAAAAAAAAAAAAAAAAAAAAAAAAAAAAAAAAAAAAAAAAAAAAAAAAAAAAAAAAAAAAAAAAAAAAAAAAAAAAAAAAAAAAAAAAAAAAAAAAAAAAAAAAAAAAAAAAAAAAAAAAAAAAAAAAAAAAAAAAAAAAAAAAAAAAAAAAAAAAAAAAAAAAAAAAAAAAAAAAAAAAAAAAAAAAAAAAAAAAAAAAAAAAAAAAAAAAAAAAAAAAAAAAAAAAAAAAAAAAAAAAAAAAAAAAAAAAAAAAAAAAAAAAAAAAAAAAAAAAAAAAAAAAAAAAAAAAAAAAAAAAAAAAAAAAAAAAAAAAAAAAAAAAAAAAAAAAAAAAAAAAAAAAAAAAAAAAAAAAAAAAAAAAAAAAAAAAAAAAAAAAAAAAAAAAAAAAAAAAAAAAAAAAAAAAAAAAAAAAAAAAAAAAAAAAAAAAAAAAAAAAAAAAAAAAAAAAAAAAAAAAAAAAAAAAAAAAAAAAAAAAAAAAAAAAAAAAAAAAAAAAAAAAAAAAAAAAAAAAAAAAAAAAAAAAAAAAAAAAAAAAAAAAAAAAAAAAAAAAAAAAAAAAAAAAAAAAAAAAAAAAAAAAAAAAAAAAAAAAAAAAAAAAAAAAAAAAAAAAAAAAAAAAAAAAAAAAAAAAAAAAAAAAAAAAAAAAAAAAAAAAAAAAAAAAAAAAAAAAAAAAAAAAAAAAAAAAAAAAAAAAAAAAAAAAAAAAAAAAAAAAAAAAAAAAAAAAAAAAAAAAAAAAAAAAAAAAAAAAAAAAAAAAAAAAAAAAAAAAAAAAAAAAAAAAAAAAAAAAAAAAAAAAAAAAAAAAAAAAAAAAAAAAAAAAAAAAAAAAAAAAAAAAAAAAAAAAAAAAAAAAAAAAAAAAAAAAAAAAAAAAAAAAAAAAAAAAAAAAAAAAAAAAAAAAAAAAAAAAAAAAAAAAAAAAAAAAAAAAAAAAAAAAAAAAAAAAAAAAAAAAAAAAAAAAAAAAAAAAAAAAAAAAAAAAAAAAAAAAAAAAAAAAAAAAAAAAAAAAAAAAAAAAAAAAAAAAAAAAAAAAAAAAAAAAAAAAAAAAAAAAAAAAAAAAAAAAAAAAAAAAAAAAAAAAAAAAAAAAAAAAAAAAAAAAAAAAAAAAAAAAAAAAAAAAAAAAAAAAAAAAAAAAAAAAAAAAAAAAAAAAAAAAAAAAAAAAAAAAAAAAAAAAAAAAAAAAAAAAAAAAAAAAAAAAAAAAAAAAAAAAAAAAAAAAAAAAAAAAAAAAAAAAAAAAAAAAAAAAAAAAAAAAAAAAAAAAAAAAAAAAAAAAAAAAAAAAAAAAAAAAAAAAAAAAAAAAAAAAAAAAAAAAAAAAAAAAAAAAAAAAAAAAAAAAAAAAAAAAAAAAAAAAAAAAAAAAAAAAAAAAAAAAAAAAAAAAAAAAAAAAAAAAAAAAAAAAAAAAAAAAAAAAAAAAAAAAAAAAAAAAAAAAAAAAAAAAAAAAAAAAAAAAAAAAAAAAAAAAAAAAAAAAAAAAAAAAAAAAAAAAAAAAAAAAAAAAAAAAAAAAAAAAAAAAAAAAAAAAAAAAAAAAAAAAAAAAAAAAAAAAAAAAAAAAAAAAAAAAAAAAAAAAAAAAAAAAAAAAAAAAAAAAAAAAAAAAAAAAAAAAAAAAAAAAAAAAAAAAAAAAAAAAAAAAAAAAAAAAAAAAAAAAAAAAAAAAAAAAAAAAAAAAAAAAAAAAAAAAAAAAAAAAAAAAAAAAAAAAAAAAAAAAAAAAAAAAAAAAAAAAAAAAAAAAAAAAAAAAAAAAAAAAAAAAAAAAAAAAAAAAAAAAAAAAAAAAAAAAAAAAAAAAAAAAAAAAAAAAAAAAAAAAAAAAAAAAAAAAAAAAAAAAAAAAAAAAAAAAAAAAAAAAAAAAAAAAAAAAAAAAAAAAAAAAAAAAAAAAAAAAAAAAAAAAAAAAAAAAAAAAAAAAAAAAAAAAAAAAAAAAAAAAAAAAAAAAAAAAAAAAAAAAAAAAAAAAAAAAAAAAAAAAAAAAAAAAAAAAAAAAAAAAAAAAAAAAAAAAAAAAAAAAAAAAAAAAAAAAAAAAAAAAAAAAAAAAAAAAAAAAAAAAAAAAAAAAAAAAAAAAAAAAAAAAAAAAAAAAAAAAAAAAAAAAAAAAAAAAAAAAAAAAAAAAAAAAAAAAAAAAAAAAAAAAAAAAAAAAAAAAAAAAAAAAAAAAAAAAAAAAAAAAAAAAAAAAAAAAAAAAAAAAAAAAAAAAAAAAAAAAAAAAAAAAAAAAAAAAAAAAAAAAAAAAAAAAAAAAAAAAAAAAAAAAAAAAAAAAAAAAAAAAAAAAAAAAAAAAAAAAAAAAAAAAAAAAAAAAAAAAAAAAAAAAAAAAAAAAAAAAAAAAAAAAAAAAAAAAAAAAAAAAAAAAAAAAAAAAAAAAAAAAAAAAAAAAAAAAAAAAAAAAAAAAAAAAAAAAAAAAAAAAAAAAAAAAAAAAAAAAAAAAAAAAAAAAAAAAAAAAAAAAAAAAAAAAAAAAAAAAAAAAAAAAAAAAAAAAAAAAAAAAAAAAAAAAAAAAAAAAAAAAAAAAAAAAAAAAAAAAAAAAAAAAAAAAAAAAAAAAAAAAAAAAAAAAAAAAAAAAAAAAAAAAAAAAAAAAAAAAAAAAGFmaXEtcGMAAAWQAwACAAAAFAAAEKCQBAACAAAAFAAAELSSkQACAAAAAzUyAACSkgACAAAAAzUyAADqHAAHAAAIDAAACJQAAAAAHOoAAAAIAAAAAAAAAAAAAAAAAAAAAAAAAAAAAAAAAAAAAAAAAAAAAAAAAAAAAAAAAAAAAAAAAAAAAAAAAAAAAAAAAAAAAAAAAAAAAAAAAAAAAAAAAAAAAAAAAAAAAAAAAAAAAAAAAAAAAAAAAAAAAAAAAAAAAAAAAAAAAAAAAAAAAAAAAAAAAAAAAAAAAAAAAAAAAAAAAAAAAAAAAAAAAAAAAAAAAAAAAAAAAAAAAAAAAAAAAAAAAAAAAAAAAAAAAAAAAAAAAAAAAAAAAAAAAAAAAAAAAAAAAAAAAAAAAAAAAAAAAAAAAAAAAAAAAAAAAAAAAAAAAAAAAAAAAAAAAAAAAAAAAAAAAAAAAAAAAAAAAAAAAAAAAAAAAAAAAAAAAAAAAAAAAAAAAAAAAAAAAAAAAAAAAAAAAAAAAAAAAAAAAAAAAAAAAAAAAAAAAAAAAAAAAAAAAAAAAAAAAAAAAAAAAAAAAAAAAAAAAAAAAAAAAAAAAAAAAAAAAAAAAAAAAAAAAAAAAAAAAAAAAAAAAAAAAAAAAAAAAAAAAAAAAAAAAAAAAAAAAAAAAAAAAAAAAAAAAAAAAAAAAAAAAAAAAAAAAAAAAAAAAAAAAAAAAAAAAAAAAAAAAAAAAAAAAAAAAAAAAAAAAAAAAAAAAAAAAAAAAAAAAAAAAAAAAAAAAAAAAAAAAAAAAAAAAAAAAAAAAAAAAAAAAAAAAAAAAAAAAAAAAAAAAAAAAAAAAAAAAAAAAAAAAAAAAAAAAAAAAAAAAAAAAAAAAAAAAAAAAAAAAAAAAAAAAAAAAAAAAAAAAAAAAAAAAAAAAAAAAAAAAAAAAAAAAAAAAAAAAAAAAAAAAAAAAAAAAAAAAAAAAAAAAAAAAAAAAAAAAAAAAAAAAAAAAAAAAAAAAAAAAAAAAAAAAAAAAAAAAAAAAAAAAAAAAAAAAAAAAAAAAAAAAAAAAAAAAAAAAAAAAAAAAAAAAAAAAAAAAAAAAAAAAAAAAAAAAAAAAAAAAAAAAAAAAAAAAAAAAAAAAAAAAAAAAAAAAAAAAAAAAAAAAAAAAAAAAAAAAAAAAAAAAAAAAAAAAAAAAAAAAAAAAAAAAAAAAAAAAAAAAAAAAAAAAAAAAAAAAAAAAAAAAAAAAAAAAAAAAAAAAAAAAAAAAAAAAAAAAAAAAAAAAAAAAAAAAAAAAAAAAAAAAAAAAAAAAAAAAAAAAAAAAAAAAAAAAAAAAAAAAAAAAAAAAAAAAAAAAAAAAAAAAAAAAAAAAAAAAAAAAAAAAAAAAAAAAAAAAAAAAAAAAAAAAAAAAAAAAAAAAAAAAAAAAAAAAAAAAAAAAAAAAAAAAAAAAAAAAAAAAAAAAAAAAAAAAAAAAAAAAAAAAAAAAAAAAAAAAAAAAAAAAAAAAAAAAAAAAAAAAAAAAAAAAAAAAAAAAAAAAAAAAAAAAAAAAAAAAAAAAAAAAAAAAAAAAAAAAAAAAAAAAAAAAAAAAAAAAAAAAAAAAAAAAAAAAAAAAAAAAAAAAAAAAAAAAAAAAAAAAAAAAAAAAAAAAAAAAAAAAAAAAAAAAAAAAAAAAAAAAAAAAAAAAAAAAAAAAAAAAAAAAAAAAAAAAAAAAAAAAAAAAAAAAAAAAAAAAAAAAAAAAAAAAAAAAAAAAAAAAAAAAAAAAAAAAAAAAAAAAAAAAAAAAAAAAAAAAAAAAAAAAAAAAAAAAAAAAAAAAAAAAAAAAAAAAAAAAAAAAAAAAAAAAAAAAAAAAAAAAAAAAAAAAAAAAAAAAAAAAAAAAAAAAAAAAAAAAAAAAAAAAAAAAAAAAAAAAAAAAAAAAAAAAAAAAAAAAAAAAAAAAAAAAAAAAAAAAAAAAAAAAAAAAAAAAAAAAAAAAAAAAAAAAAAAAAAAAAAAAAAAAAAAAAAAAAAAAAAAAAAAAAAAAAAAAAAAAAAAAAAAAAAAAAAAAAAAAAAAAAAAAAAAAAAAAAAAAAAAAAAAAAAAAAAAAAAAAAAAAAAAAAAAAAAAAAAAAAAAAAAAAAAAAAAAAAAAAAAAAAAAAAAAAAAAAAAAAAAAAAAAAAAAAAAAAAAAAAAAAAAAAAAAAAAAAAAAAAAAAAAAAAAAAAAAAAAAAAAAAAAAAAAAAAAAAAAAAAAAAAAAAAAAAAAAAAAAAAAAAAAAAAAAAAAAAAAAAAAAAAAAAAAAAAAAAAAAAAAAAAAAAAAAAAAAAAAAAAAAAAAAAAAAAAAAAAAAAAAAAAAAAAAAAAAAAAAAAAAAAAAAAAAAAAAAAAAAAAAAAAAAAAAAAAAAAAAAAAAAAAAAAAAAAAAAAAAAAAAAAAAAAAAAAAAAAAAAAAAAAAAAAAAAAAAAAAAAAAAAAAAAAAAAAAAAAAAAAAAAAAAAAAAAAAAAAAAAAAAAAAAAAAAAAAAAAAAAAAAAAAAAAAAAAAAAAAAAAAAAAAAAAAAAAAAAAAAAAAAAAAAAAAAAAAAAAAAAAAAAAAAAAAAAAAAAAAAAAAAAAAAAAAAAAAAAAAAAAAAAAAAAAAAAAAAAAAAAAAAAAAAAAAAAAAAAAAAAAAAAAAAAAAAAAAAAAAAAAAAAAAAAAAAAAAAAAAAAAAAAAAAAAAAAAAAAAAAAAAAAAAAAAAAAAAAAAAAAAAAAAAAAAAAAAAAAAAAAAAAAAAAAAAAAAAAAAAAAAAAAAAAAAAAAAAAAAAAAAAAAAAAAAAAAAAAAAAAAAAAAAAAAAAAAAAAAAAAAAAAAAAAAAAAAAAAAAAAAAAAyMDE4OjAzOjAzIDE2OjEyOjQyADIwMTg6MDM6MDMgMTY6MTI6NDIAAABhAGYAaQBxAC0AcABjAAAA/+ELGmh0dHA6Ly9ucy5hZG9iZS5jb20veGFwLzEuMC8APD94cGFja2V0IGJlZ2luPSfvu78nIGlkPSdXNU0wTXBDZWhpSHpyZVN6TlRjemtjOWQnPz4NCjx4OnhtcG1ldGEgeG1sbnM6eD0iYWRvYmU6bnM6bWV0YS8iPjxyZGY6UkRGIHhtbG5zOnJkZj0iaHR0cDovL3d3dy53My5vcmcvMTk5OS8wMi8yMi1yZGYtc3ludGF4LW5zIyI+PHJkZjpEZXNjcmlwdGlvbiByZGY6YWJvdXQ9InV1aWQ6ZmFmNWJkZDUtYmEzZC0xMWRhLWFkMzEtZDMzZDc1MTgyZjFiIiB4bWxuczpkYz0iaHR0cDovL3B1cmwub3JnL2RjL2VsZW1lbnRzLzEuMS8iLz48cmRmOkRlc2NyaXB0aW9uIHJkZjphYm91dD0idXVpZDpmYWY1YmRkNS1iYTNkLTExZGEtYWQzMS1kMzNkNzUxODJmMWIiIHhtbG5zOnhtcD0iaHR0cDovL25zLmFkb2JlLmNvbS94YXAvMS4wLyI+PHhtcDpDcmVhdGVEYXRlPjIwMTgtMDMtMDNUMTY6MTI6NDIuNTE2PC94bXA6Q3JlYXRlRGF0ZT48L3JkZjpEZXNjcmlwdGlvbj48cmRmOkRlc2NyaXB0aW9uIHJkZjphYm91dD0idXVpZDpmYWY1YmRkNS1iYTNkLTExZGEtYWQzMS1kMzNkNzUxODJmMWIiIHhtbG5zOmRjPSJodHRwOi8vcHVybC5vcmcvZGMvZWxlbWVudHMvMS4xLyI+PGRjOmNyZWF0b3I+PHJkZjpTZXEgeG1sbnM6cmRmPSJodHRwOi8vd3d3LnczLm9yZy8xOTk5LzAyLzIyLXJkZi1zeW50YXgtbnMjIj48cmRmOmxpPmFmaXEtcGM8L3JkZjpsaT48L3JkZjpTZXE+DQoJCQk8L2RjOmNyZWF0b3I+PC9yZGY6RGVzY3JpcHRpb24+PC9yZGY6UkRGPjwveDp4bXBtZXRhPg0KICAgICAgICAgICAgICAgICAgICAgICAgICAgICAgICAgICAgICAgICAgICAgICAgICAgICAgICAgICAgICAgICAgICAgICAgICAgICAgICAgICAgICAgICAgICAgICAgICAgIAogICAgICAgICAgICAgICAgICAgICAgICAgICAgICAgICAgICAgICAgICAgICAgICAgICAgICAgICAgICAgICAgICAgICAgICAgICAgICAgICAgICAgICAgICAgICAgICAgICAgCiAgICAgICAgICAgICAgICAgICAgICAgICAgICAgICAgICAgICAgICAgICAgICAgICAgICAgICAgICAgICAgICAgICAgICAgICAgICAgICAgICAgICAgICAgICAgICAgICAgICAKICAgICAgICAgICAgICAgICAgICAgICAgICAgICAgICAgICAgICAgICAgICAgICAgICAgICAgICAgICAgICAgICAgICAgICAgICAgICAgICAgICAgICAgICAgICAgICAgICAgIAogICAgICAgICAgICAgICAgICAgICAgICAgICAgICAgICAgICAgICAgICAgICAgICAgICAgICAgICAgICAgICAgICAgICAgICAgICAgICAgICAgICAgICAgICAgICAgICAgICAgCiAgICAgICAgICAgICAgICAgICAgICAgICAgICAgICAgICAgICAgICAgICAgICAgICAgICAgICAgICAgICAgICAgICAgICAgICAgICAgICAgICAgICAgICAgICAgICAgICAgICAKICAgICAgICAgICAgICAgICAgICAgICAgICAgICAgICAgICAgICAgICAgICAgICAgICAgICAgICAgICAgICAgICAgICAgICAgICAgICAgICAgICAgICAgICAgICAgICAgICAgIAogICAgICAgICAgICAgICAgICAgICAgICAgICAgICAgICAgICAgICAgICAgICAgICAgICAgICAgICAgICAgICAgICAgICAgICAgICAgICAgICAgICAgICAgICAgICAgICAgICAgCiAgICAgICAgICAgICAgICAgICAgICAgICAgICAgICAgICAgICAgICAgICAgICAgICAgICAgICAgICAgICAgICAgICAgICAgICAgICAgICAgICAgICAgICAgICAgICAgICAgICAKICAgICAgICAgICAgICAgICAgICAgICAgICAgICAgICAgICAgICAgICAgICAgICAgICAgICAgICAgICAgICAgICAgICAgICAgICAgICAgICAgICAgICAgICAgICAgICAgICAgIAogICAgICAgICAgICAgICAgICAgICAgICAgICAgICAgICAgICAgICAgICAgICAgICAgICAgICAgICAgICAgICAgICAgICAgICAgICAgICAgICAgICAgICAgICAgICAgICAgICAgCiAgICAgICAgICAgICAgICAgICAgICAgICAgICAgICAgICAgICAgICAgICAgICAgICAgICAgICAgICAgICAgICAgICAgICAgICAgICAgICAgICAgICAgICAgICAgICAgICAgICAKICAgICAgICAgICAgICAgICAgICAgICAgICAgICAgICAgICAgICAgICAgICAgICAgICAgICAgICAgICAgICAgICAgICAgICAgICAgICAgICAgICAgICAgICAgICAgICAgICAgIAogICAgICAgICAgICAgICAgICAgICAgICAgICAgICAgICAgICAgICAgICAgICAgICAgICAgICAgICAgICAgICAgICAgICAgICAgICAgICAgICAgICAgICAgICAgICAgICAgICAgCiAgICAgICAgICAgICAgICAgICAgICAgICAgICAgICAgICAgICAgICAgICAgICAgICAgICAgICAgICAgICAgICAgICAgICAgICAgICAgICAgICAgICAgICAgICAgICAgICAgICAKICAgICAgICAgICAgICAgICAgICAgICAgICAgICAgICAgICAgICAgICAgICAgICAgICAgICAgICAgICAgICAgICAgICAgICAgICAgICAgICAgICAgICAgICAgICAgICAgICAgIAogICAgICAgICAgICAgICAgICAgICAgICAgICAgICAgICAgICAgICAgICAgICAgICAgICAgICAgICAgICAgICAgICAgICAgICAgICAgICAgICAgICAgICAgICAgICAgICAgICAgCiAgICAgICAgICAgICAgICAgICAgICAgICAgICAgICAgICAgICAgICAgICAgICAgICAgICAgICAgICAgICAgICAgICAgICAgICAgICAgICAgICAgICAgICAgICAgICAgICAgICAKICAgICAgICAgICAgICAgICAgICAgICAgICAgICAgICAgICAgICAgICAgICAgICAgICAgICAgICAgICAgICAgICAgICAgICAgICAgICAgICAgICAgICAgICAgICAgICAgICAgIAogICAgICAgICAgICAgICAgICAgICAgICAgICAgICAgICAgICAgICAgICAgICAgICAgICAgICAgICAgICAgICAgICAgICAgICAgICAgICAgICAgICAgICAgICAgICAgICAgICAgCiAgICAgICAgICAgICAgICAgICAgICAgICAgICA8P3hwYWNrZXQgZW5kPSd3Jz8+/9sAQwAHBQUGBQQHBgUGCAcHCAoRCwoJCQoVDxAMERgVGhkYFRgXGx4nIRsdJR0XGCIuIiUoKSssKxogLzMvKjInKisq/9sAQwEHCAgKCQoUCwsUKhwYHCoqKioqKioqKioqKioqKioqKioqKioqKioqKioqKioqKioqKioqKioqKioqKioqKioq/8AAEQgBFAKCAwEiAAIRAQMRAf/EAB8AAAEFAQEBAQEBAAAAAAAAAAABAgMEBQYHCAkKC//EALUQAAIBAwMCBAMFBQQEAAABfQECAwAEEQUSITFBBhNRYQcicRQygZGhCCNCscEVUtHwJDNicoIJChYXGBkaJSYnKCkqNDU2Nzg5OkNERUZHSElKU1RVVldYWVpjZGVmZ2hpanN0dXZ3eHl6g4SFhoeIiYqSk5SVlpeYmZqio6Slpqeoqaqys7S1tre4ubrCw8TFxsfIycrS09TV1tfY2drh4uPk5ebn6Onq8fLz9PX29/j5+v/EAB8BAAMBAQEBAQEBAQEAAAAAAAABAgMEBQYHCAkKC//EALURAAIBAgQEAwQHBQQEAAECdwABAgMRBAUhMQYSQVEHYXETIjKBCBRCkaGxwQkjM1LwFWJy0QoWJDThJfEXGBkaJicoKSo1Njc4OTpDREVGR0hJSlNUVVZXWFlaY2RlZmdoaWpzdHV2d3h5eoKDhIWGh4iJipKTlJWWl5iZmqKjpKWmp6ipqrKztLW2t7i5usLDxMXGx8jJytLT1NXW19jZ2uLj5OXm5+jp6vLz9PX29/j5+v/aAAwDAQACEQMRAD8A+kaKSigBaKSigBaKSigBaKSigBaKSigBaKSigBaKSigBaKSigBaKSigBaKSigBaKSigBaKSigBaKSigBaKSigBaKSigBaKSigBaKSigBaKSigBaKSigBaKSigBaKSigBaKSigBaKSigBaKSigBaKSigBaKSigBaKSigBaKSigBaKSigBaKSigBaKSigBaKSigBaKSigBaKSigBaKSigBaKSigBaKSigBaKSigBaKSloAKKKKACiiigBKKKKACiiigAooooAKKKKACiiigAooooAKKKKACiiigAooooAKKKKACikY4U46471xl94s1DT/AIqaZ4euEtxpmqWMslvLtYS/aIzllJJII2YOMA80m7aAdpRXm3iP4k3WjfF7RfC8cETadeKi3lwyMXilk3iFVIIAyU54PWtjxF4pv7Hxx4a8P6SkEjapJNJdtKjMYYIlBJGCMEkgAnIzQD0OxorznTPHmqX3hXxxqUsVqs3h69vre1VA2HWGMMhcbskknkjGfQda6jwjq1xrvg7SNWu9iz3tlDcSrFnaHdAzAZJ4yeBT6XB6G9RXG+BfFV94mPiL7csEY0vWriwh8jIJjjC7S24nn5jk8fSuh1eTUV0e7bRPJN+ImNstyrGMvg7Q2CDjOM47UpO24dbGjRXmUPxVEnwjPihrcHVlP2I6cM5N9nYItoJOC3Prtq94j8a6z4d0vRdOTT4dV8WatHsis4GMcCuFBd2JJxGpPrk9MjOQ3o7Cud/RXk+p+MPiR4KhGreM9K0LUdFjZVun0R5lmtlLL+9Ky8MoyeAM+4AJrqNU8W3Nr438KaVY+RNY63HcySTEEsFjjVkKkHAzu5yD2xQB2FFcf498UX/hex0mbT1gke91a2spBMpOEkYhiMEcjHBPFdWZFSJnZsKo3MSelK4+pLRXlVl4z8feNjLqPgHTdEtNCSRore6115t97gkGRFixtXgjn8PQWPE/jLxnoXhDQ5Dp2l2viHUNVi0ySKeR5bYlt6iRShDBSVVsHJUNg5IoBaux6bRXmemeMfGmkeNtL0Dx9YaQ6ayJPsd5oryhI3jUsySLLzyMYIwPrzt0/iR4t1rw3pllF4Vs4b/W76Zlt7eZGZWREZ3bCsDwFA+rCi+lxX1O5orA8LeI4PEng/T9didRHeW6zMAeEOBuXv8AdIIribPxn4+8atLqPw/03RLXREkMVvda682+9wSDIix42rx/F/iAXs7DPVaK871Txh4m0TS/C39safZ2mpalrMWm3saSGWLYxcGSMgjG7aGAbOASDzV228Xajrvj6TSPDUUEmk6WdurahMrMDKekEOCAXH8ROQB15xl9RX0udvRXN+Kj4w8m3/4Qc6L528mf+2PO27MDGzy++fWuC8MeKviz4luNSFvH4NSPStSk0+68wXQLNHjcUwxGOeCce4FJO4z2GiuP0HxTf6r8RvFWgzpClroy2ht2VWEjebGWbfknIyOMAfjTX8U3v/C308LbIRYnRTqG/B83zPO2YznGNpzjbnPegXS52VFeS6f4o+J/ibVteHhdPCaWOl6rPp4/tFbkSsYyOTsJXGGH68V6RpJ1P+ybUa81sNS8sC4+xlvK39ym/nH1pjejsaVFeda9438R33i658L/AA80+xub3T0STUL7VJHFtbFlJWPanzMxHp09+1/R9c8V6Rp+q3XxHg0mC3sYPtK32lSyNE6AHehR/n3LtzkcEMAOQanm0uxdbHbUV5TYeJfir4o09dZ8NaT4c03S7ld9pb6zLO1zJHjhyY8KN3Ydv1OppXxHn1fwFr+rNpradrGhRXC3en3D7xHLHGWX5hjcp4weM84zjJdx9T0KivIdN8T/ABduvDNp4ii0vwtqVnc28V0LG0kuIrmRHAJAZzsVgD0574zwDp6v8UWf4NXHjXw7ADPEEUW14jHypTKsbI4UgnG49Pam9A62PS6K4HQn+Kj6vat4hPhAaYx/0j7CbozYwfu7/lzn1rrtWhvLnSbqDT742FzJGViuhGJPJYjAbaeDg84ND0BamhRXj+o6Rq/w48UeGrvT/F2v6xa6rqiabeWGs3n2kMsgJDocDaV2knA54GRyG9eUkgZ49qOlxX1sOooooGFFFFABRRRQAUUUUAFFFFABRRRQAUUUUAFFFFABRRRQAUtJS0AFFFFABRRRQAlFFFABRRRQAUUUUAFFFFABRRRQAUUUUAFFFFABRRRQAUUUUAFFFFACH7przr4uxnT9L0fxTD/rPD2qQ3MhH3jA5Ecq59w+fwr0Y1R1XSrLW9IutN1SAXFpdRtFNGSQGUjBGRgj6jkdql36BezPFdQ0+TxT4F8c+L7LbJdNqYutPk25+SxwEIwe+2Tp6103gjUIPGvxH1TxXbkSWdnp1tp1qdwYZkUTy/iCyKe/B/DudJ8OaZonh1NC0u1EOnRRtEkBcsArEk8kknOfWovDnhXR/CGk/wBm+HLFbO0MjSmMSM+XbqcsST0HfAp9XYn7Nup5poX/ACTz4uYOP+Jrq3P/AGxFd/8ADo/8Wv8ADXr/AGVbDGOn7peDVq28I6La6fq1hBZkWutSyzX6ea/755RtkOS2RkcfLjFc/p3wS+H2j6nbajp2geTdWsqyxSm8uG2spyDguQcEdCMU3qXJ8zuVfhJ/rvHGTn/iq730/wBivQzg8jnJ68/WuE1P4J+ANX1K61DUNBNxd3UrzTSG9uF3OxyxwJAB17Cu0sbG303T7azs4zHb2saxQrknagXAGTyeO5pN6ks8ok8N25/aQW082T7A1n/wkBsf+WZvA3keZj12859ea0fFl5Bofx28L6pqkqwWN5ps9hFPIcIk24MAT0BYcf8A6q7z/hHtNPidfEP2b/iZi1+xefvbiHdu2bc7fvc5xmpdc8P6V4l0mXTdd0+G+tJM7o5lyAcEbgeqsMnDAgjsRSWiXkN+82cn8X9ZstK+GOrwXTobjULdrW0twfnnkfCgKvUn5gSB2Brn9ZX/AIRjxV8KjrMixx2sE1lNcyHCJM1siKCT/eYEc11Hh/4TeB/C+rJqei6BDDdp9yWSSSbZyOV8xm2tnuOcV0muaBpXiTSJtN1ywhvrOUHdFKvGcEZB6q3PDDBHYimtPvF1OD+LV1BcTeEtHglWW/uvEFpLFAh+fy0JZ5CM52gd8V3fiC0lv/DGp2dscTXFnLFGQcYYoQP1NYfhb4Y+EPB9+174e0SO1unG0zvI8rr67S5bbnODjGeK68qCuAKT2sNaM88+C+r2eo/DPS7O2dEu9NhFreW3SS3kUkYZeoJwTz/jWP8AGK4Gr6B4aj0TU4FnPie1gju4FWZbeUF1+7nBKt/C3oQa6XxB8JPA3ijVX1PW9Ahnu5B88scskBkP95hGy7m56nnGPStFfAnhuPSdM02LSoorTSbqO7s4o2ZPLmT7rkggsecndnJ65p7iTadzz7SrPVtH+NGmW/xD1aTxBPLZynQdRESW8MUmB5yeUqgbyv8AFkjGB16Go674hvvi/f6r4X8KP4kt9Dtv7LQnUobVYZ2KvKRvyWONi5HofWvTdX8N6Zr01hLqduZG0+4W6tnEjo0cijCnKsCep4PB707R/D+m6Bb3EGkW5gW5uJLqbc7SM8rn5mJY5z0/Clva4Hlvw/m1U2HjTwVf6U2iXuyW8sbE3CzeVFcK3yq64BAfPP8AtY7Gul+C+rWeofDPTLO2kRLvToRa3lr0kt5FJBDr1XJBPNdbJ4d0ybxJB4gNt/xNIbdrZLgSMP3THJQqDtIz6g4rn9f+EngfxRqzanregQz3cgw8sUskBk/2mCMoZuep5xj0o16iev3nO/FqSDXLPwlFp+pqA/iaCA3djKpaF8OrYbkBgc9eQR6irfwtuk8NGX4earDFbappRMsEqoFXUbdmOLhR/f6hhk4Pc846mPwL4ch0zS9Ph0qKG10i4W6s44mZfLlTo5IOWPPO7OT1zV3UPDOl6rrGm6rqFp5l9pjlrWdJHRoyRhhlSMqe4PB7imrIb1NfArzj4RHE3jrP/Q13v8kr0huFPbisjSNB07QGvTpVt5H9oXcl5cnzGbzJnxuf5icZwOBwKFpcd9LHlMfhH/hKvjZ44H/CQ69optlsCTo979nMu6E/f+U5xjj/AHj61Z8N+HP+EW/aEFl/bOr6x5nhppPP1e78+VT9pUbQ2BheM49Sa9MstB0zT9b1DWbW3Md7qfl/a5S7nzPLXanBOFwPSlbw/pzeJR4hMH/E0W1Nl9oLt8sO7dt252/e5zjNCelvIHrc8i8H+BB4o1fxne/8JR4m0fy/Et3EINI1HyImwVO4rtOW5A+gX059qtYfs1nFD5sswjUJ5sjZd8DG4kDkmuJ1T4J/D/WNUudS1Lw/515dyNLNJ9suF3Mx5OBIAOfQV1+k6VaaFpNvp2mRGG0tYxHDHuZtqjoMkkn8aG7qwpP3ro878A3kGkfEzxroWpOkGo3WojULZZCQbmF06p/eCkdBnBJ9ONb4rKNW+GviTSdPuIpNQSx89rVHBlEYbOSoOcHY2D0PT1rZ8U+A/DXjWOEeJ9IgvTCco5LJIo9PMUhsck7c4zineFfAfhrwTDPF4Y0qKx+0MGlYM8jtjsXclsDsM45PrUtXVmPrdCeD9d0vWPBFhqmn3cBsvsib3Vvli2oNytn7u3uD0rzXS549a0X4ueItPZW0y/jmhtZByspitWV3XnkHI/yK66/+Cnw91PUpb668Nw+fIwZvLnliXOBzsRgo6DPHJ611w0LTRoL6LHZQxaa8DW5tIk8tBEwKlQBjAwT0xVPrIW2iOf8ABeo2elfB/wAPX+pXMdtaw6RbPJLKwCqPKUcn8h69O9eUX8bz/s0+L9U8iWK11jV3v7WNxsYwvcxBTjtnB/Q89a9HtPgZ8OrK7iuYfDULvGwYLNczTIT7o7lW+hBFdZrXh3Stf8PyaLqtok2nTKqPArGNSqkEAbcEdBwPSiXV9xp6nPeFfh//AMI7qkWoDxf4o1UCMoLbUtS86A5HXbtHPpzXasBg44OMZHauH0T4OeBfDutWuq6Pof2a+tX3RSi8nfacYPDOQRz3rvMCm9RJHnHgLSdN1HxFrmtXN8dbv7HWLq2tppZp5RYIQhMKLIAqEZwSmQRgbjXo9VrTTrGwM5sbO3tjcStPN5MSp5sjdXbA5Y4GSeas0D63CiiigAooooAKKKKACiiigAooooAKKKKACiiigAooooAKKKKAClpKWgAooooAKKKKAEooooAKKKKACiiigAooooAKKKKACiiigAooooAKKKKACiiigAooooAKKKKADAHakwPSlooATAznHNLiiigAwPSkwPQflS0UAJgegpaKKADFFFFAAAB0GKKKKACkAHYD8qWigAwPSk2j0H5UtFACYB6gUuKKKAE2j0H5UBQOgA/ClooAKMUUUAGB6Um0eg/KlooATA9B+VBAPUClooATAowMYwMelLRQAYHpRgDoKKKACiiigBMD0paKKACiiigAooooAKKKKACiiigAooooAKKKKACiiigAooooAKKKKACiiigApaSloAKKKKACiiigBKKKKACiiigAooooAKKKKACg9PSg9OK8N+Nnxtk8JyXHhjw4JBrHlI01+rALaFirBQpU7mKZ9Au5SCTwAD07xT458PeCbWC58UarHYx3DFIVYM7uR1wiKWIGRk9BkZwSM8JqX7S3gPT7oR2z6pqcZAImtLTao68fvGQ/p+PYfKNnaan4m15Le2SfUdU1CY43NueaRiSWJJ9cksT6k13Ef7P3xKfO7w+qAKWG6+t/m9uJDz9cUAfRWm/H34eaibVDrxtJrkqvl3drLH5ZPHzPtKAep3YHrXoysRjJyD0x6f5/ya+FvE3ws8Z+ENJGoeIdCe1s94QzLLHKAT0z5bNtz0ycDt1q58Nfijq/w31YSWrzXulyFmuNMM2xJXK4DAlW2sCF+YDkLg+gAPuKisXwv4isfFnhvT9d0iWRrO8j3oHHzLyVKsBnkMCDyeQeSOu1QAUUUUAFFFFABRRRQAUUUUAFcL8XfEGqeF/hXq+saHdfZL21MHlTBVfG6eNTw6lT8rEciu6rzb9oL/khniE98W3P/bzFQBm+HNC+Jmv+F9K1f/haf2f+0bOK78r/AIR+2fy/MQNtzkZxu9O1af8AwhfxN/6K2P8Awmrb/wCKrovh2P8Ai1fhXt/xJrTn/tgtZPiT4iXll4hfw94R8O3HiTVreNZruOO5S2htY25XfK+QGPUL3HPtQBT/AOEL+Jv/AEVsf+E1bf8AxVIfBfxNxz8W/wDy27b/AOKrsPDepanqmjxXOt6TJo16zMJLN7hZvLwSBh14YEY/OtmgSd0eJeAIPib458D6f4i/4Wb9gN75g+z/ANg20uzZK6fe+XP3M9B1rpf+EL+Jv/RWx/4TVt/8VTf2fv8AkhPh8kZ/4+e3/TzLUmq/ETW5PFF9o/gzwjceIn0zat7Mb+Ozjjd1DKql/v8AynnH+BpdRjf+EL+Jv/RWx/4TVt/8VSHwX8Tcc/Fv/wAtu2H/ALNXR+CPF0PjPw3Bq0FvPaM8jxTW0/3oZUba656EA9CPUcDmumpgeAfCzUPiZ8S/C9zq4+I/9mmG8a28r+xLabOER92cLj7+Mc9Py7f/AIQv4m/9FbH/AITVt/8AFVzX7LH/ACSvUz3/ALYl5xn/AJYQV1/iDxt4psdRuYfDngK+1i1tDtlu5b+K2V22hv3StkyjBxkD7wI6ikBV/wCEL+Jv/RWx/wCE1bf/ABVIfBfxNAOfi5x/2Ldt/wDFV1PhHxRaeMfDFnremeaLe5HCSjDoQxVlOPQjrkg+tdBTA8t+Afi/XPGnga91HxLfte3UepPArmJI9qCONgNqKB1ZvX616lXif7K3/JLNS/7DMv8A6Igr2ygAopKKQC0UlJzTAdRSc0UALRTT0NQrJuwVbcpxz1B96VwLFFNBzS0ALRSGk5piHUU0ZFLQMWikpaACig0lAhaKQUp6UAFFRbjxg5749vWng+9AXHUUU1uB1oGOoqPd704nCkk49/SlcB1FQh8MFyfTk1LRcQtFJSN90444pjHUVAJMyqN3UZAz7/8A6v8AJqegAooooAKKKKAClpKWgAooooAKKKKAEooooAKKKKACiiigAoPSikP3Tn0oA5j4heLW8EeA9S8Qpb/antEXZCTtDM7rGue+Azgn2r4bt7bUPFPiWKAM1zqWq3YXfI3Mksj9ST6sckn1r6m/aa1C4tPhKkNvNsjvtSht7hdoO9AjyAcjj5okOR6Y6E14b+z6f+L6eH/+3n/0mloA+n/hj8OdM+HOgR2tnHu1O6ii/tK581nE8qhjwDgBQWYLgAkYzk813OB6UgAAwBge1LQAm0YxjjGK+Rfjx8J7XwRcW+ueHLYQaJdlYJIPNZjDPhjxu52Mq55LYO7p8or67rzb9oDH/CjNf4723/pTFQB43+zP41udK8YP4RliaW01dmlQ7uLeaONmLY/2lTB91X3r6tr4P+Fd7c6b8WPC89lL5Ur6nDAW2g/JIwjdeeOUdh6jtzX3hQAUUUUAFFFFABRRRQAUUUUAFeb/ALQX/JC/EP8A27f+lMVekV5v+0F/yQvxD/27f+lMVAHR/Dr/AJJZ4V/7A1p/6IWvM/D+l+LdX8a+OV8P+KrbQDHrA3yDT1uppf3YCg7yAqhQMYHXdzgV6Z8Ov+SV+Fc/9Aa06f8AXBax/EXwv0vxB4ifWbXVtY0PUJ4hFcT6NffZ2uQuNu/g5xjAx/QVL3uHSw74YeJtU8QaPqFvr0kE2o6Nqcumz3MCbFuTHt/ebeik7uQPyGcDu6wfDHhrSvCejwaVoNuLe1iYtjO5nY9XdjyWPv8ATsK3qoldTzX9n/H/AAofQM9P9Jz/AOBMtYFzYa54p8beJr/4aav/AMI61szWGoTzbZEv7yMDpEUYx7QdplBJOOF6mt/9n7/kg+gf9vP/AKUy1Nq3wm0zUdfvNX03XPEHh+e+Ie7XRr8wJcOM4dhtPzc9uPbJJM63K6E3wnvrObwrLp1rYvYXOkXs1lfwvOZi1wpy8nmHl9xbdkgemMV31c94U8KaV4O0aLSdChdLZXMjvI5d5nPV2Y9ScZ4x0GOMCuhq3ZvQSPEv2V/+SV6l/wBhmX/0RBXc+NfFculeXofh63GoeJtRQiztVPESdDPKf4I19+WIwO5HDfsr/wDJKtSx/wBBmX/0RBXR6j8G9P1DxRqPiCHxT4o0u81JwZ/7P1BYQQOAv3M4HYE8VD3GdL4H8LweDvB+naHBL5v2ZP3kuD+9kYlnbnplicenSulrA8LeHT4Z01rI6xq2rlpTIbjVrrz5QSANobA+Xjp71v1XW4keJ/srf8ks1L/sMy/+iIK7/wAb6hfwR6Ppum3Mtm+rajHZSXUQy8Uex5G254DER7d3bJI5Arz/APZX/wCSV6l3/wCJzL/6Igr1bXtDtfEGltY3jzoNwkint3KSQSLysiMOjA8jse9S90Pqczd20vhPxd4fGlX+oSW2qXMlndWt9qE10DiGSRZFMrMUK+WQdpAIPIJApdH8e6jqM+iy32hpYWOs+YltIL3zpEdUZ/njCABSqPg7ieBkDJxr2HhVYdWh1PUtUv8AWby3VktpL4xBbcN97YkSIuSBjcQTjgHGabB4Q06G30KBZbl00ORpLcOykyFo3jO/A5+WQ4xihXW4jA8O/Fey13WNNt1fTVt9UdktRBqqTXSEKzKZoAg8sMqN0ZsEqDjPHQ694h1DTdX0zTNL0tL+51BJWBmuvIji8vaSWYKxxh+wY5xxjJDdG8KvoU0Udjrup/2dAWEWmSCB4UQ5wu4xebtGePnPQDOOK0rjSYbrXLLVJGcT2Uc0caqQFIk25yDzn5BT2Vh3uzF0Pxs2sPpETWDW8uoLdiZTJu+zvbuEcDgbgWzg8cY454oReP8AUL640210rREmutQl1CNVmvvKji+yzCMszeWWww54U4JAIOSw0F8C2sNnax6dqd/p89nc3NxFdQGNpFM7s8qEOjKVJbuuRhecjJdo/gfTdGudNmtZrwnTzd+V50ofP2mQSPvJGSQRgHOcdSSc0rAZuhfEG91h9Ge90MWFnrDSwQubwSyJPGjM6sgQDZ+7kw27JwuVXdis7wR4lv8AS/Dnhu21LSkh0+/zaW10t1vl80K7jfEFAVWCPghyc4yFyQOos/Bun2UOiRRT3JGj3Mtxb7mUlndJFYNxyAJWxjHbrVPSvh9ZaZPYbtR1O+tNNLSWdjdSRvHC7KVLAhA54ZsKzFRuOFGBgtZi3Mrw/wDFiy1zVtOt0bTRb6ozJaiHVVmukIVnUzQBB5YYI3RmwSoIGeN/wf4k1HxTocGrXGmx6dbXUSyW6favNlY87twCBVGRkYLEjGQp4p2j+FH0OSOKw13Uxp0G4Raa4geFEOcKGMXm4GePnPQDJHFX9B0a18O6FZ6TZSSPbWkKxRmbBYqOmSAPzqtmI4//AITE6HpusXQWacDxBLaedqeoFba3BVTuaURnyYskKo2thmUZw2R2Wk6nJfaJDf3JtVLx+YTZXX2mEr2KybF3AjBzt65xnqc9fCxtobwaXreo6a95fPfSzW6wuSzKAV/eRMNvyg+ue9XNA0S20HSlsbMySr5kksjz43SyOxZ2OAFBJYn5VA54FJbAuiMK08cXT+H5fEt/pItvD/2SS8guEvPNmMSjK74toCll5GHfsCR2hu/Hmp6NFcHxBocVpL/ZdxqVqkF/5wkEKgvFITGuxhuXkBweeTgZv2fgOxt9Pl0yfUdRvNGkt5LaPS55VEMUUnVFKKHbA4XczbR0wcGoz4AtJ7SeLVtW1TVJJLCTTo7i7eLfbwyKFfZsRQWOFyzbm4644J2H0ZWHjLX/ALfpNivh22+16vFNPbRvqnywxxiM5mYREgkORhN43AckHK0W+LtkuuG2dtLS2S/GnurasgvN+/yy4ttvMe84zvDbctt4xXWjw/a/2ppd+ZJvM0u3lt4QCCCrhAxbjlv3a9Pfiqdv4WOn37XGk65qWn2s10bqaxhWB4WdjlzmSJnAYg5CsPvEjFC0Vhve5HZeJ9Y1e4uZdI0SGfS47ia1S5lvjHI8kZZS2zyyPL8xSu4MWxzsNVvhzreua54ThvdfW38x2dUmhn3GQCR1O5fLULjAHGc98dKu2PhOPTtUkubTVdRhtpLl7ptMWWP7P5rD5jnZ5hBbLFd23JPFWvD2gJ4dtJbSzurqe1eV5YILkoRb7mLFVZVDEZY/eZjx1pd0Tq2jCvfiKun+LYNHuV0wCW9SzMQ1aM3oZ+Ff7Mqn5MkclwwU7ioxig+PdRjvDJPoiLpcerjSZLr7bmUyNL5ausQTG3JXOWBGTgNgFp/+Fe2TXSMuq6olpHqI1NLFZIhCs/mby2RHvILbiVLFRuOMYXF+XwfYSac1k81yI21Qar95c+aJhNt6fd3Dp1x3p76lI47xV4kv9btLSSDSoho8XiWztUvPtg81niu0Vn8ooAE3K6g7yTwdoBJHdavrbaReaUkkBkgvrsWkkwfHkMyMUJGOQzAL25YVjS/D2ymvTnU9TSyGoLqS6fHMghS4EolLcJvILKSVZiuWOAuARva7okGv6NLp91JNAsjKyz27BZIXVlZXUkEAhlBHBofkGmiZz1v8QftUKeXYf6RLqq2UUP2jlomXzPPHy9PK3PgA8qRnvWf4e+LFlrusafbq2l/Z9Ud47VYNWSa6QgMyma32jywyoejMQSARzx0Fp4K0u11yy1SH7Rvs7FbGKBnBi2gEByMZ37WZck9GP1pdH8KPoc8Udhrup/2dBuEWmuIHhRTnC7jF5u0Z4+c9AM44pMLnD+FOB8PscYn1QD2H7ziu513xDf6bqunaZpemLfXV+krIZrryI4vLCk722scYbsGOccYywTT/AAXp2nDRzby3Tf2O8724dlO4zbt27jnG44xj8areJPD97q/irRLmyu7qxjtI7nzLu0dA8bNsCja4ZWBwwwVYd8A7SE9LEx2Zirr39u+LPCNy9t9lniu9RtLiDduEcsSMrANgblyvBwMggnB4Fuw+JMU/i2LRboaWhm84BbbVkuLm3aMZInhVcIcBh8rthhjnrWtYeCtNsG0xopbp206S4mDySKTPJOD5ryfL1JYtxgA9BjAqrpXw/s9KvNLkXVdTuodI3rYWc7xeVCrRshUhYwzDa2AXLN055OXtoPuNsfG17L4dk8R3uj/Z9B+xyXsNwl15k5iUbl3xbQFLLyMM/ocVmaf8WrC4jujqL6V+706TUEXS9WW+YJGAXSQKi7Hwy4A3A/NzxztWPgaysrJ7BtR1G70hoJLeLTJ5E8mKJ+CgKKHbA+VdzNtHTnBqaDwkW0250/Utc1PVNNuLVrRrO88gKEYY+/HGrkgZGSx655PNMW6Of0u+1e9+LGjya5pUOnO2hXUiLDd/aFIaa34JKIQwwM8FeRhjyB6RXLaN4Mi0zXbfV7nV9T1O+t7Z7ON7ySLCxMUONsaKMjywd2Mncck4XHU1RXUKKKKQBRRRQAUtJS0AFFFFABRRRQAlFFFABRRRQAUUUUAFFFYfivxRYeDfDN5r+r+a1pZhS4hXc7bmCAAEgZLEelAHl37VHHwr03HH/E5i/wDRE1eKfs+f8l08P/8Abz/6TS0vxI+M+ufEjSV0vUdPsLPT4rz7VAIVcyrgMqqzFsNw5yQoyRxjpXJ+D/E994L8UWuv6Slu93ZhzGs6FlO6NkPAIOMMe/pQB+gdFfIv/DUfjr/n10T/AMBpP/jlH/DUfjr/AJ9dE/8AAaT/AOOUAfXVeb/tBf8AJCvEP/bt/wClMVeGj9qPx0WA+y6Jyf8An2k/+OVkeLvjv4r8a+E73QtWt9LSzu9m828Lq42OrjBLkdVHX3oA5P4csf8AhaXhXk/8hmzHX/pulfftfnVouqT6Hr+n6tZiNriwuo7mISDKlkYMMjIyMj1FfU/wh+Pc3jfXV8PeJbCG11O4Zms5bJWETqqFmRwzMysApIOcHOOMDcAe3UUUUAFFFFABRRRQAUUUUAB4FcL8YNC1PxR8LdW0bQrX7Vf3Rh8mHzFTdtnjcnLkDopruj0Nc/4y8VWXgrwtdeINThmmtLTZ5iW4DSHe6xjAYgdXGeaAPJNG1L496FoVhpFl4J0SS3sLaO2iaW4QuURQqlsXI5wOeBV7/hJv2hD18C+H/wDv+n/yVW/bfGiC7tYrqz8A+Orm3mUSRyxaMHSRTyGUh8EHOc1L/wALiH/ROPiB/wCCP/7OgDm/+Em/aF/6ETw//wB/k/8Akql/4Sf9ob/oRfD/AP3/AE/+Sq6P/hcX/VOfiB/4I/8A7Og/GMbT/wAW48f/AI6H/wDZ0Aef+Dx8dfBPhSz8PaT4L0ea0sy/lvc3MbOd7s5yVuFHVj2rcPib9oQ/8yJ4fP8A22T/AOSq29O+Olhq9il7pXgfxtfWspOye20hZEbBIOGWQg4II69jVn/hcQ/6Jx8QP/BH/wDZ0Ac3/wAJN+0L/wBCJ4f/AO/6f/JVL/wk/wC0L/0Ivh//AL/p/wDJVdH/AMLi/wCqcfED/wAEf/2dH/C4v+qcfED/AMEf/wBnQB5l4A0r42fDvQZ9H0PwdpVxbz3DXLNeXUTNuZEXHy3CjGEHY9a6n/hJf2hP+hE8Pf8Af5P/AJKrV0n496Xrlu11ovg3xlqVurGMy2elrMobAJUlZCM8qcdeR61f/wCFxD/onHj/AP8ABH/9nQBzf/CTftC/9CL4f/7/ACf/ACVQfFH7QuD/AMUN4fHv56f/ACVXSf8AC4v+qceP/wDwR/8A2dB+MXBx8OfiB/4I/wD7OgCr8A/CWueCvA15pniOx+w3cmqPOsXmpJlDFEoOUZgOVPXnj3Br1LA9K5PwD4+0v4haHNq+iwXdvbQ3TWpW7VVYuFViQFLDHzr36/r1tABgelNKj0p1FADcDPSjbjp0p1FACAYo2j0H5UtFABgelJgegpaKAEKg9QD+FLgelFFACYGc45oCqOigfhS0UAJgegowPSlooATA9BRgegpaKAEwB2FGB6ClooATAHQClwPSiigBMAdBRgelLRQAhAPUCggHsKWigBuKBgcADA6e1OooASjA9KXFFACYHpS4HpRRQAgAHQYpaKKACiiigAooooAKWkpaACiiigAooooASiiigAooooAKKKKACvEv2pZZI/hfYRxOyibVo0dVJAceVI2D6jIBx6gV7bXh/wC1V/yTLS/+wvH/AOiZaAPFfgv4C0v4i+MbrSNbnvILeGwe5V7N1Vt6yRryWVhjDnt2r23/AIZY8EYx/aviDH/XzB/8arzj9lbn4pajn/oCy/8Ao+GvrNjhTzjigDxP/hlfwP8A9BTxB/4Ewf8Axqj/AIZX8D/9BTxB/wCBMH/xqvYrzUINN0+e9vplit7eJppZG+6qKMs30Ar528Q/tU3P29F8KaCn2QOpMupMTJIuOQEjOEOcgEs/A6dgAdP/AMMr+B/+gp4g/wDAmD/41R/wyx4Iz/yFfEH/AIEwf/Gq6b4Y/GPSviW01pDZzabqltEJpbV5BIjJv25RxgsBlM5VcFwBkZNej0AfPfiz9mzwdoPgzWtXs9S1x7jT9PnuolluISpdI2YAgRA4yOcEV4N8OJ5bf4o+F3hkaNv7WtVJViMgyqCPoQSD7E19s/Eb/klniv8A7A15/wCiHr4i+H3/ACU3wv8A9hi0/wDRy0AfoAO2etLQKKACiiigAooooAKKKKACvNv2guPgX4hI6/6N/wClMVek15v+0F/yQvxD/wBu3/pTFQB0fw6/5JZ4V/7A1p/6IWt8yhV3FgFHctgY/GsD4d/8kr8K/wDYGtP/AEQtcX8a9VhWHw9oOoPdjTtWv9t9HZxu0txEgz5KhRuJdmUce3rUvsB3+leKdD1u7a30fXNO1KeMbnjtbyOVkXoSVU8DJAraryzwJrfghvFcOm6d4KufCmsmAtbLqGjpZy3EfR9rAktjAzk5Pvg49Tqugup5t+z6B/wonw//ANvP/pTLXo7Hapz27mvN/wBn7/khGgf9vP8A6Uy11fiLw9b+J9LWx1Ke6FmZA0sVtOYhcqVKmOQryUO7JAPYc4yKmTsrj62NDT9VstVtxcaZfW95BvKebbzK67h95cgkZB7Vfrzr4OQQ2vhjVILaNIYY9cvY44o12rGolOFA7AYr0WqtZ2EjxP8AZW/5JbqRPX+2ZP8A0RBXtbH5Tj09K8T/AGV/+SV6l/2GZf8A0RBXf+O/Edzoejx2mkAS61qkv2PTYmGQZSOXb/YQZYn2x3pSdkUbdjrumalfXFrp+qWl5cWjbLmGCdJHgOSMOqnK9COfT2NadeQ/C/w9B4X+KXivSbZ3lENpYtLPIctPKyuXdj1JLEkn8O1evVXREo8T/ZWH/FrdSPf+2Zf/AERBXtleJfsr8fCvUv8AsMy/+iIK9Q8Q+IF0GxilMMt1PcTpb2ttCwDzyN0GTwBgMST0UE9RUjN2iuTt/E+q2uv2el+I9MtrJtQ3raT2d8bmN5FUs0bbooyrbQSMAggNnGBnUsvEui6jfGwsNZsLq8WPe1vBdxvIF4w20MTjkc+49qNwNiisi28R6PfarNpllq1lc38GfOtIblXliwQDuQHIwSBzjGak1HWtO0aMSaxqVrYKQX3XU6xggEAnLEcAsvP+0OmaLgadFULfVLK5Fuba9t5hdRmW38uYN56DB3Jg/MBuXJHqPaqc/ijRLO2M91renwxZf97LdoqfI4R+SwHysQp9Cce1AjborItfEej3t2LKx1ixuLswrOsEV0juYjgiTaDnaQw56cjnkZyvCXjG08Qafaxz6hY/2xJbiaexgmHmRg9/L3FgMEcnjkHPNFxnWUVkW/iTR7zU59NstXsri/twTPaQ3CvNEAQDlAcjBIHOOtLp2u6Zq0kkWlarZ3skKq0iW9wspVWGUY7TwCOQe49aBXNaiudtPFFvHZajea5NZ6XbWN49qZ5r+NkIBUKzHgRsxI+Q8j8a1LHU7TU7KO7028gvLeUfu5oJQ6P/ALrLwe/Si4F6isuz17Sr/ULiwsNVs7m9tv8AX20VwryRc4+ZQcrz61XtfFOiX8VxLp+uWF3FYjN28F3G4txg8uVPy9D19PY0Bc3KK59vGPh1I5XfxFpSpCzJK5vowqFSAQTnjBdQc8gsueozY/4SPRzrCaV/bVj/AGjIodLP7VH5rAruBCZyRjnjtz0ouPqbFFY0vibRYNQksJ9asIr2ONppLWS6RZUQLuLFCcgAcnPAGareGPGGleL9PF7oV6kyKxEsXmo0kPJA3hSdudpIz1HNFwOiorlNE8Y2d/f3Gn6jqNjbait9cQW9l5wWaWON2UMEJ3Nwp5HHB9K231jT1tzO2oWyxLN9nL+eoXzS23y89N244x1zRcDQorm/D3jfRPE95fWukahDPPYzPFJEs0bO23ALqqsTsycZPetGXWtPghmkm1K1SO3lEM0rTKFikOMI3Pyk7lwDz8y+oouK5p0Vk3ev6Vp8kiahq1naOgDOs9yilFKsQTkjHCOfojHscQt4s0COWyjk1/TUk1AK1mjXkebgMcKY+fnBPcZyeBRfQZuUVj3fiXRbG9is73WbC2u5JBElvNdokjucEKFJyT8y8deR61Hqni3w/ol4trrPiDTNPnZA6R3d5HExUkjcAzDIJBGenFFxG5RVSW9ghgE01xHHCSo8xnAX5iAvPTkkAeua5vXPG1tD4L1LWvDWoWGqGyIBaGYTRhiygq2w9cN0yCOOtF7IZ19FY934j0jTdQt7DUdYsbS8uSFgtp7lEklJOBtVjk5PHHfgU+413SrLUoNNvtWs7e+uf9RazXKJLJnj5UJy3OemaLiuatFZJ8RaQuuLozatYrqbDIsTcoJzxn/V5z93n6c1qimAtFFFAwooooAKWkpaACiiigAooooASiiigAooooAKKKKACvD/ANqr/kmOl/8AYXj/APRMte4V4f8AtVf8kx0v/sLx/wDomWgDzv8AZW/5KlqP/YFl/wDR8NfWh6cV8l/srf8AJUtR/wCwLL/6Phr6069aAPN/jrFPcfBPxEllHLI4jhcrEpY7FmjLtwOgQMSc4ABzXxNkk8nqe5r9HLm1gvLWa2u4I54J0aOWKVAyyKRgqwPBBBwQa+F/it4Z07wj8T9Y0TRlkWzt3jaFZG3Mm+JJNuepALEDOTgDJJ5IBu/s+Q3Evxt0WS3ikaOKO4e4ZFOEQwuoLYHA3MoyeMkDqQK+0K8a/Zv8I6Tpvw7tfElvBv1TVfME9xIQxRElZBGn91fkDHuTjJOAB7LQBzfxG/5JZ4r/AOwNef8Aoh6+Ivh9/wAlN8L/APYYtP8A0ctfbvxG/wCSWeK/+wNef+iHr4i+H3/JTfC//YYtP/Ry0AfoD2oo7UUAFFFFABRRRQAUUUUAFeb/ALQX/JC/EP8A27f+lMVekV5v+0F/yQzxD/27f+lMVAHR/Dr/AJJX4V/7A1p/6IWsj4j+HdX1JNI1jwwkMuraHefaoLWdgqXI2lWj3HgEg8EkAYrl/Bfxv+H2j+A9A03UPEPlXVnpttBPH9iuG2OsaqwyEwcEEcelbf8Aw0B8MP8AoZB/4L7n/wCN0mr6gV9N0vxb4t+IejeIPFeiW/hqz0BJvs9ot6l1NcySjYSWT5VQDHHXI7g8eo15t/w0B8MM5/4ST/yn3P8A8boP7QPwxx/yMv8A5IXP/wAbp9LB1E/Z+/5IPoH/AG89s/8ALzLXU+J9S1vStJWfw34f/t67aYI1t9tS12oVJL73BBwcDHfPtXkPwf8Ai/4G8K/CvR9I1zXfst9bef5sP2Sd9u6eRhyqEH5WB4Peu2/4aA+GA/5mT/yn3P8A8bpNXDqU/hcPGekXlzpmv+Df7Psry/ub574apDL5RkYsI/LTJbnAzketeq15sP2gPhgOniT/AMp9z/8AG6X/AIaB+GR6eJef+vC5H/tOmJKyOa/ZX/5JXqWf+gzL/wCiIK7nxd8PLXxfq1nqUuta1pN1ZRvHDLpV2IG2vjcCdpP8Irxr4B/E/wAIeCvAd9p3iXV/sVzJqTzrH9lmkyhiiUNlEI6o3B54/P1A/tAfDA9fEmf+4fc//G6TVxmT4R+F+o6H8VdS1e61zxFPYotuba4udSWQ3zbWDrOByyqSNoIHtmvX682H7QHwwHTxJj/uH3P/AMbpf+GgfhkeniXn/rwuf/jdMRzX7K3/ACSvUv8AsMy/+iIK9B8Y6ReX1pp17pMS3N5pF6l7BbvJ5YuMIyMgbGASrsATxnGeK8+/Za4+GWohfu/2xJnPT/Uw/wCfwr2zA9BSaGcUYNY8S+KNIubvSJ9H0/SJnuW+2zQvLcSmN41VRC7gKokJJZgSduAeSMzSvCeoWOneB4o7FbaTTbmeS+MZjHlb4JlJ+U8ku6dM56mvSAAOgFG0ccDjpxRa2wjyjwf4U1bTZ9CsdZTXnXRZHKTRyaf9hDbXUsNoFwVYMeGBO485xmuv1bSZrzxnoOotaJLDYR3G53K5gkdYwpGec4DDI5xn156jA9KMADAFD2sB5npWh61oEOj3aaPLetZXepK1paywrIsU87NE675FTbtC8ZyNw44OG+GvCer22seHLrV9OiQ2EmrySskqyrbtPcBo9p4Y5Td82AcHDAE4r07aPQflRgelFhnmOgeD9Q0yx8GxppkVvJpmoXk92sbRjy0kjnCnKnnO6Lpn36VBoHhrW1tfC+kz6CNKGi3T3c9+k0LJIGjkXCbG372Mo3ZUDKt8zcFvVdoHQD8qNoHQD8qLCseT+EfCer6bLodjrCa840V3Mc8cunfYQ211LAgC4KsGPDAncec4zXXfD3R7jw/4B0nS7u1S0uraALPCu0hHJJY5UkHJJOcnJPWuqwPSgKB0Ao63Cx5vL4d1CK11KSXS9Ue6/wCEglvrCXS5bYTQKUCiQec4QgjepVsn5vu9COp8OjWJPDaDxAdl+3mfMdnmBNx2F9mU8zaQW2fLuzjit/aPQce1GB6ClbRgtLHmNn4e1q4+H0nhGXRBp95b6ZcWUesSTxGKSRhjfHsLSDzD87FlUjOOTUWq+H9a8SW0ssPh1tFktfD13pscEs0BaeSaNQkaeW7ARqUOC+3733R1HqYUDoAPwo2j0H5U9mFrqxwyeG5h4n8I3A0+NLPR9PuInA2YtnZIVVVAP90OMgY/PnBt/COrwatcWWoJrs1nNrZ1FJdPfT/s3zTCVXbzQLgFcAMASSFOCQdo9YxSYGMYH5UDerucL4f0/UdJurjSr3w/9rifVbi9TV3lh8sq7MysRuMnmqGEf3MYX73ra8BWmo6V4b/svV9PltZbOaUCZpYnS4VpHcMm1iQMEZ3BTz0rsMDOcDNGBnOBmiyA8rl8O65NDfaQnh8QfbfEK6kNWE0JRI1uFk3su4SCTam1QA3BXLKMhZr/AEXxBKkuk22ivLD/AMJJDqgv/tMQieD7SkrBRu3+YOcqVAwrYYnAPp20YxgY+lGB6CgDkvCtlqWm6xr9rfafKkF1qMl7b3qyRtFKrBMLgNvDDBzlQvHU98jXfCV7qXiq7tkgzoeros95KJApjmSN4x8ucktmFgVHBiPrz6JgelAUDoBx7UW1TFY8ug8Ka5qZ0nVPEGmQnUn12G8voWeNhDFDbvEjcEg/PhwBkjzOgI4l1zQNZJ8Y6XHof9pJ4kKmDUTPCsduphWICUOwceWys67FcHdxg5r0wKB0A/KgKoxhRx04pjPM9Y8HajPofjaGCyW4vNTs4obSUsga4MduFHzE/LiTJ+Yjnp61haxLc22v+J7u6SaXw8mo20+ozWtrGzQvbxwnAkkmRhyqnCRSDB+U7idvtOB6Csq58K+Hr3Vk1S80HTLjUEZWW7ls42lUr90hyMgjAxzxilqtgML4kgXPw9u0WKG5Ek1sFimP7uUGePhjg4U554PB6Vz+teHtc8RReJNQg0WTT3vLC1srezmmh3zNFKztI3luyYAYBctng8Dv6bcWlvdwmK7ginjJDFJEDKSCCDg+hAP4VLgeg9KLbitojyjxvofizWJdcstMs7lbe9WIWhsms4oJwqAn7Q0uZjICCBs+XAQZX5mG5HYanpvijWd2gf2vb6zcwTpdtPEscSqiJ5coY7/kKF12I2S3Y5ru9o9B+VGB6U+lgseUW/hHWYNXurC8XXprKTXDqKSWMmn/AGcZmEqM5kxcBl4DAE5C/KSCFr1RM8df60/aPQflS4HpQFtbhRRRQMKKKKAClpKWgAooooAKKKKAEooooAKKKKACiiigArw/9qr/AJJjpf8A2F4//RMte4V4p+1FbSzfC2xlSNmWDVYnkIUkIpilGT7ZIH40Aebfsrf8lS1H/sCy/wDo+GvrSvh34R/EG1+Gviy61e8sZb1JrFrURxOFIJdHzk/7mK9i/wCGsdH/AOhZvv8AwIT/AAoA+gDwK8b+JPwBtvH/AIvfX7fWzpU08SJcR/ZDP5roNofmRQvyhVwBj5c96w/+GsdH/wChZvv/AAIT/Ck/4av0YdPC97/4EJ/hQB7F4M8M23g/wfpug2Lb4bGLYXGf3jk7nfBJxucs2M8ZwOBW/Xz9/wANYaP/ANCxff8AgQn+FH/DWGkf9Czf/wDgQn+FAHrvxG/5JZ4r/wCwNef+iHr4i+H3/JTfC/8A2GLT/wBHLXtviX9pvStf8J6vo8Xh28hk1CymtVkedCqGRCoJ46DNeOfDa1luvil4YitoWkcarbOVRSSFWRWYn2ABJPoKAPvftRSAcc+lLQAUUUUAFFFFABRRRQAHgGqOpWFlq1o9jqtpbX1pKR5lvcxCWN8MCMq3BwwGM9xV7GeDyK83/aBA/wCFHa+cDg22Djp/pMX+NAHR/wDCuvBX/Qm6B/4K4f8A4ij/AIVz4J/6E3w//wCCuH/4iuA8GfBD4d6v4E0HUdQ8PCa6vNNt55pBe3C7neNWY4EgA5J6Vtf8M/fDL/oWf/J+5/8AjtAHS/8ACufBP/Qm+H//AAVw/wDxFH/CufBP/Qm+H/8AwVw//EVzX/DP3wx/6Fn/AMn7n/47Qf2fvhlj/kWf/J+5/wDjtAHS/wDCuvBP/Qm6B/4K4f8A4ij/AIVz4J/6E3w//wCCuH/4ivJPhD8H/Avij4V6Rq+vaGLrULjzvNlF5Mm7bPIg4VwvRQOK7X/hn/4Y/wDQsf8Ak/c//HaAOm/4Vz4J/wChN8P/APgrh/8AiKP+Fc+Cf+hN8P8A/grh/wDiK5r/AIZ/+GX/AELH/k/c/wDx2j/hn74Y/wDQs/8Ak/c//HaAOl/4V14JPXwboH/grh/+Io/4Vz4J/wChN8P/APgrh/8AiK8L+Avwu8HeNfAl7qPiXRhe3MepvAj/AGmWPagiiYDCOO7N155r1D/hn74Zf9Cx/wCT9z/8doA6T/hXPgn/AKE3w/8A+CuH/wCIpD8OfBGD/wAUb4fHv/ZcP/xFc5/wz78Mv+hY/wDJ+5/+O0n/AAz98MRz/wAIz/5P3P8A8doA7nSdH0vQ4GttF06z06F5DI8NpAkSs5AySFAy2AOfQCtGvE/2Wzj4Y6lhcf8AE5kGOw/cw5Fe2UAFFFFABRRRQAUUUUAFFFFABRRRQAUUUUAFFFFABRRRQAUUUUAFFFFABRRRQAUUUUAFFFFABRRRQAUUUlAC0UnaloAKKKKACiiigApaSloAKKKKACiiigBKKKKACiiigAooooAD0NYXirw3YeMPDF5oWsCX7FeRgSeWxRlIIZWDc8hgDggg45BrdpMD0oA+WtU/ZX8QJcAaJ4g027hZMs95G9uyvnkbVEgIxg5yOp44Bqh/wyr43/6Cnh//AMCZv/jVfWgAHQYpaAPkr/hlXxv/ANBTw/8A+BM3/wAao/4ZV8b/APQU8P8A/gTN/wDGq+taKAPkr/hlXxv/ANBTw/8A+BM3/wAao/4ZV8b/APQU8P8A/gTN/wDGq+taKAPkofsreNgcnU/D5HoLmbn/AMhV6h8K/gPaeA9dh8Qatqn9panFEFgjiQxxW0joVkOdxMnDbVJC8Enbkjb7KeetGKACiiigAooooAKKKKACiiigArzf9oL/AJIX4h/7dv8A0pir0ivN/wBoL/khfiH/ALdv/SmKgDovh3/ySvwrjr/Y1p/6IWpPFN74jttPiTwlY2d5fTSeWZb6fy4bcbSd7hfmbkBdq88g9jUfw75+FfhbP/QFtP8A0QtT+JvE2n+EtJfUtVkIRcRxQxjfLcSN92KNerO3p+JwATUyBHOeFPGPic+O5/CHjmz01NQ+xf2hbXWku5gkh3hCCsnzBt2fyPsT6Ea4PwVoOpSa7d+MvFkKQ6zqUS28Fmh3f2fag5WLP8Tknc56A8AAV3lX0EtzzX9n/n4E6AT1zcnP/bzLWx458W3vh6DT7HRLNL/W9Xn+zWMEz7I1YKWaSQj+FRyQOTWR+z9/yQjw/wD9vP8A6Uy1B8Qnj074rfD7Vb2ZYbOO5u7Z5H4VZJYQqc9skY5qHuh92T6B4x8Waf46tPDHxAs9JEupwvLYXmjtIYiyAl42EnOcfNnj8e3pNeYeLZ4r343+BNPtiklzZ/a7udVIzDEYgqk/Ug+nbrXp9NbC6niX7K3/ACSvUv8AsMy/+iIK9F8b+Lj4R0a3uLeyk1O/vrpLSxsY3CG4mfOF3fwgAEk9sV51+yv/AMkq1LHX+2Zf/REFaXxht5ZfEPgljqculWv9pvA97Ft3RF48LgsDhiAwBPQnPYUnul3H3Oo8KzfEQ6oB4zTw59heIlTpbzeaj5BAIfgjBI49jmuzryC0t7/wP8YPD2h2fivWtcttahna8s9WuhcPAI1LJKpwNqkgjjg4PsB6/VdLiW9jxL9lcZ+Fepev9sy4/wC/EFet6lq8GlWv2m6S7kQuFC2lnNcOMjI+SNWb8cV5L+ysM/CvUv8AsMy/+iIK9oYEAkdamT0H1MPw94v0zxMQ2kveyoQWEs2m3EETANtIV5I1UnPYEng+hNdBXlujfbV+CaXWlTzR3VlJLdxeW5XzBFcO5jOOoZQVIPHNVJfEGo6lcGKx1K88rxhKE0x45mU20ccu2RkOflzB+8GMcg855Lv0JjqrnrtFePNrM8ly7Lrd+vjKPXPITSBdyY+zCfbg2udjRm2+cy7euWD5Fdl42a4mXQrOG/u7NLrVUhnezn8p2Ty5CyZHIBwBwQRwQQQDTeg7nX0V5SmrXOiG7judVu49L0nxSkD3N3dyP5Vu9sjYllcklPMlHLkgZUHtirJrN3rmpMlprd+LG68YJbpLb3Lxh7Y2Afy0bqI2PIK9c71PIah6MZ6+ehrN0nWIdWine2WVRb3Ulq/mADLxsVYjB6ZB/wAK8wgN9pttLfR63rEslh4qi062SfUJJI/szzxhkZSx83Kythn3MMDDDAFVxf29lqF8umazfL4kPiRkttLW6dVkha6/eEQDCyJ5fmkuQ23B+YFMLL3A9qorxmHWtXn8Xyrda1p9hqy60Uit77xJLAXtvN2rGtj5flyB4sbWBJJYNuBGBehWe48K+I9Vu/FVzp9yuqXdtDcX2pSRW8US3RAhADgJuwVDjLpu+U4CqHcFqesUVx3w91WHUtGultFlZLe6aMzrqsupQzHap3Q3EvLrg4IwAGDDHBNcPqPiuY+OLc2V9LFcpr0dnLBPrc3nCEv5bbrBU8tYiG+WRjk5RtxZgC+thJntNFeQXE2sxeDfE2t2eo6ncX8WsXNqu+9lCW9oLsK+1FBVdqbjvCMyDOOAAN74eXs1zqGpi11jTr/T1WIrb2niGTVngkJcEtJIgZVYBcLkgFWI6mkN6HoNFebT6naHx3qUHibXr3TbuG5txpFnDeyRedCUQhkhXifdJ5isGV8be2Kxm1maW6kZNbvx4zj13yV0gXkgH2fzwuPsufLMRt/n8zaf72/PNF9Lh1PYqK8dvJL9/B+vauuu6ul6viBrKCWO+fbbw/2gi7VjzszjPLKTg7fu4FSeLZptG8SxaVNqbWmjLp4e1m1LxTdacHnaR/MP2gB2lZR5eEZsKD0OeH1sC1PXScKT6Cqsd7BJdTW8dxG80O3zYlcFo8jjIzxnGRnrXmMusBr7T4vHfig2dudEhmtLvTtRa3hvbklvNdHTb5rAeVhPmB35CYNX/Dttplp8YNdE1/dJf3MFtPbQXN9KpuFMbh2ELMAwByPu4ToAuKT3sTfS526avE/iKTRwsn2iO2S5ZsDZtZmUDOeuVNaZ6V5d4tuNHh+IkjeItbuNHtjoy7ZYb57MPIJZCB5ikHcBnCbvm+bhtvys0nxXfWEenTeL7+WzuL7w7GYobhjG1xch23KkY6zYaPKqN3IAHYCKPSReQfblszcR/ainmeQXG/ZnG7b1x2zVuvGfCps38V+D9S1/U7yO7v8AwxA0UtxqcsYubgNHlAC4Dk53FCDknJBPNdZ461i88M3Wn63HcTC3Mc9lLb7iY2ldN0JK5PPmJsBx/wAtMGgSdzuqK8av9R1qHTdW0RNV1Az+F9Mv57i7Fw6yTM8RNrvbOSQrOc5PzRg9s1o30kGkz+H4Nf17U7XRL61kuLu/n1WaHzbvZGURpw6+UCpkYIuxCRjHGKY1qeqUV5Ro/wDaOszeHtPvtX1f7BK+o+VKl48Mt5axyJ9neR1w5+TB3jDN1JIYhsa68TXVrpOgJrl9qU2mxzanbzyR6uljJI0NwYoN9w8se8hVb5RJluWIbbwk7ge4UhPynHpXM+BopbfwHpSS6i2pTG3VpLw3jXQlcjJIlYncMnr0HQADgcB4T1z7Vc+F30/xDf3+t3MzrqtnPeySbLYROctATtQBhFtkCgtkfM24lk3q0CZ6joOuQeINHg1KxSVIJmYKsoAYbXKHOCe6n/61ateKW+tRWHgTw7ZXNybZLia8YyT6y+l22Ulbh7iNS+7LfKgIDDdknaKm0rxFNeeHfCzeLNZudP0edLxJ7s6hJbF5o5NsMclx8j/cDnkoWKcgnK00I9lorxzxLqtxHrFhby6y6aK2kxtZXWo6/PpHnyl2DN5scR81wojO1+xztOSaNd1qazj0e71rxLY6nKNMid9P0/xDJZS3Dk/663WHH2nzB91GCjKgA/MRTA9joqCFi0aEh1LKDtbqOnFT0DClpKWgAooooAKKKKAEooooAKQ52nHXHFLRQB5z49+M2g/DvX4dK1yz1SeaS2W5U2cUbLsLOuDudTnKE8DpXMf8NU+B/wDoFeIP/AeH/wCPUvifj9sbwaBwP7Gk4/4Bd17ZQB4l/wANU+B/+gV4g/8AAeH/AOPUf8NU+B/+gV4g/wDAeH/49XttFAHiX/DVPgc8f2X4g/8AAeH/AOPUf8NS+CgcnTdfPr/o8I/9rV7bXifhj/k8fxj/ANgaP/0C0oAT/hqnwP8A9ArxB/4Dw/8Ax6j/AIap8D/9ArxB/wCA8P8A8er22igDxL/hqnwP/wBArxB/4Dw//HqP+GqfBHbSvEGe3+jw/wDx6vba5v4jf8ks8V/9ga8/9EPQB5sf2pfBSt82l6/9PIhPH/f6j/hqnwP/ANArxB/4Dw//AB6ul/Z95+Bfh8nk5uef+3mWvSKAPEv+GqfA/wD0CvEH/gPD/wDHqD+1T4Hx/wAgvxB/4Dw//Hq9tooA8h0P9pDwlr2vWOk2mm62s99cxWsbyQQhVZ3CgtiUnAJGSM8V69XiXxxG34pfCcLwP7Z6D/rvbV7bQAUUUUAFFFFABXm/7QX/ACQvxD/27f8ApTFXpBzg461y3xB8JN478E3/AIcF99hF6YwbjyvN2bJFf7u5epXHWgCT4df8kr8K9v8AiTWn/ohaPFXgfw943t7eHxPp7Xkds5eJfPkj2EjB+4wz+NeZ23wF8YWdrFa2nxh1uC3hQRxRRRzKkagYCqBcYAA4AFSf8KN8bf8ARZ9f/wC+Zv8A5IpWuB2vh74S+CvC2twatoGifZL2HISX7VPJgMMEYdyDwTziu4rxL/hRvjf/AKLPr/8A3zP/APJNL/wo7xv/ANFn8Qf98z//ACTTA6P9n3/khHh//t5/9KZa7PX/AA7pXinSZdM16yivLSU5aKTsegII5B5PIII7GvINP/Z88U6RYR2OlfFvWLG0iz5dvbQSxxpkknCrcADJJP1NWB8DfGw6fGbXx/wGb/5IpNXA9F8J+APC/grzm8MaTFZPP9+Te0jkcfLvck4zzjOK6ivEv+FG+Nv+iz6//wB8z/8AyRS/8KO8b/8ARZ/EH/fM/wD8k0wE/ZW/5JXqX/YZl/8AREFeta5oOl+I9Hn0vWrKK8sZ12vC/f6HqCOxGCDyCK8Y0r9nTxFoVq1rofxV1TTbd3MjRWdtJCjMQAWIW4AzgAZ9hV3/AIUb42P/ADWfX/8Avmb/AOSKVgPRPCnw78LeCpJZPDOkRWcs4CyS+Y8rkDtuckgZAOM44rqa8S/4Ub43/wCiz6//AN8z/wDyTQfgf43Az/wufxBx/szf/JNMBf2Vv+SWal/2GZf/AERBXtZGetcN8Kvh9/wrTwxcaMNT/tPz71rvzvs/k7dyIu3bub+5n8fxPdUnqA3aOvek2qG4AGBxxT8UUw9BgVRwFGPpTsAdBS0Ul5gJtHoPyo2j0H5UtFMBNo54HPtRgelLRQAmAQcjrSYGelOopAhuAeopdq/3R+VLRR1DoJtHoPWk2gdAPyp1FADQo54H5UcelOootpYBNoODjmjAzwOaWimAmB6UYAxx9KWikAgAAxik4p1GKa0QDRjPAFHWnYoxSAbtA6AflSgD0paKAGlRg449657WPDS6pq9tqdtql7pl9bRPbi4tBCxaNyrFCJY3UcqpyAD6nFdHSbRxwOOnHSlYDI0PRLfQNJi06xaVo0Z5Hkkbc0ruxd3PGMs7E8YGTwAMCpNE0mHQ9EtdMtXkeC1QIhc5JA9fzrTwM5wM0YHoKrqIaAOcgflShRk+/WnYooCw3aDwQMYxjFLtHoPXpS0Uhh06UUUUwClpKWgAooooAKKKKAEooooAKKKKAPE/FH/J5Hg3/sDSf+gXle2V4n4o/wCTyPBv/YGk/wDQLyvbKACiiigArxPwx/yeR4y/7A0f/oFpXtleJ+GP+TyPGX/YGj/9AtKAPbKKKKACub+I3/JLPFf/AGBrz/0Q9dJXN/Eb/klniv8A7A15/wCiHoA5v9n3/khPh/8A7ef/AEplr0ivN/2ff+SE+H/+3n/0plr0igAooooA8T+OX/JVPhN/2GT/AOj7WvbK8T+OX/JVPhN/2GT/AOj7WvbKACiiigAooooAD0NcJ8Xte1Lwv8LdW1nRLo2t/a+SIpdqvgtPGrDa4IPBPau7rzb9oL/khfiH/t2/9KYqAM7w7oXxM1/wvpWsD4p/ZxqFnDdeV/wj9s/l+YgbbuyM43elaX/CF/E7/orn/ltW3/xVdF8O/wDklfhXHX+xrTp/1wWqvijx0fC+oRWx8M+JdYEsfmebo9h58aDONrHcMHj9aAMf/hC/id/0Vz/y2rb/AOKpD4L+JuOfi5x/2Ldt/wDFVf8ACnxPsvFPiqTQBomvaTfw2punTVrMQZQMq9NxPOcjjsea7qgDxL4fw/E3xz4H0/xF/wALN+wG980fZ/7BtpdmyV0+98uc7M9B1rpf+EL+J3/RXP8Ay2rb/wCKpv7P3/JCfD54z/pPX/r5lrf8WeObXwpJawPY6rqt5dq7w2WlWZnmZFI3N1AAXcucnPIpXAwv+EL+J3/RXP8Ay2rb/wCKo/4Qv4m/9Fc/8tu2/wDiq3/BvjvTPGtvcyael7a3NnN5V3Y30PlT27EnAdcnqBkcnp2wRXU0xHgPwt1D4m/Erwvc6uPiMdMMF41r5P8AYltNnCI27OFx9/GPb8u2/wCEL+J3/RXP/Latv/iq5r9lf/klWpkDJ/tmXH/fiCvQvFnjzTfCC2sd5BfX19eMRbWGnQ+dPNtwXIXIGFHXOKBmF/whfxO/6K5/5bVt/wDFUh8F/E3ac/FzjHP/ABTdt/8AFVteEPiBp3jC8vLS2ttS03ULEr9o0/VLfyJ41YZDbckEH8/wIrr6APLfgH4u1vxp4GvdR8S35vbqPU3gVzCke1BHGwG1FA6s3r1616lXif7K3/JK9S/7DMv/AKIgr2a6uYrKzmurl9kMEbSSNgnaoGSePYUATUVz9l4x0PUdG03V7LUfOsdSnW3tZljfEkjMVCkYypyCOcY79q3ieKVxXHUVi6h4jsdP02e+803MdvcJbyi2dXKSM6rtPOAQXBIPQVPq2s2uhaXLqOqzeRawhfMkKltu4hRwuSeSPpRcLmnRUSsSQSeO/p/n/CpDQMWiszWNZs9C0uXUNVuPs9rDt3yFS2MkKOBzyTV1SxIOTjv6f5/wpiuTUUlITSGOopmTmnZ4pgLRSHhTVa4u4LV4vtVzHB5sixR+Y4Xe5PCjJ5J9OtAi1RRRQMKKKKACiiigAooooAKKKKACiiigAooooAKKKKACiiigAooooAKKKKAClpKWgAooooAKKKKAEooooAKKKKAPE/FH/J5Hg3/sDSf+gXle2V4l4n/5PC8HnrjR3HXp8t3z/SvbOfSgBaKTn0o59KAFrxPwx/yeR4y/7A0f/oFpXtZJx0rxPwy3/GYfi/1/seP8fltKAPbaKTn0o59KAFrm/iN/ySzxX/2Brz/0Q9dHz6VzfxGyfhb4q/7A15/6JegDnP2ff+SE+H/+3n/0plr0ivNfgAGX4H6ADkDNzj/wJlr0nn0oAWik59KDnHp/n6UAeKfHL/kqnwm/7DJ/9H2te2V4l8bgT8UfhSSOBrP/ALWtv8/hXttABRRRQAUUUUAFeb/tBf8AJC/EP/bt/wClMVekV5v+0F/yQvxD/wBu3/pTFQB0fw6/5JZ4V/7A1p/6IWtq8vLfTrGe8vXWG3gjaWV2PCKoyST9BWL8O/8AklfhXAyf7GtOP+2C03xv4al8Y+GJtFS/NhDdOguJUj3M8YYFkBDDaWA2554J4NSwOd+E8Mupw6n4y1KEpfeIrgTRKwOYbRcrDHz7KW467hXpNVrS1is7WC3t0EcUEaxxqP4VAAA/IVZqiYo82/Z95+BPh/8A7ef/AEplrpvFf/CUDT4m8Ff2R9s84eZ/a4k8ox4OceXzuztrmf2ff+SE+H8df9J/9KZa2vFHhrX9Wv4b3wz4vuvD86x+TIn2VLqCRMk58p+A+cfNnOOKllHM/Cya7t/F/ijT/FFuyeK5po7u9micNbTwkFYjDwCqqoK4b5uc5PIX1WuM8GeCj4bvbzVdV1afXdc1Fh9p1GaMRhkGdiJGCQigHoD78dB2dV0EjxL9lj/klOp/9hmX/wBEQVt/EX7Q/jfw8vhKUnxfbJI8MDR77f7I5CyNcfMCibgMFSWyMAE9MT9ljP8AwqnU8df7Ylx/34grsfFvgG613xBY+IdA8QT6BrlnE1sLpbZbhJYTklWjfAJyeDk454PGJe4zI+Hdxd/8LA1qPxnH9n8XTW6M0cSAWrWaOVQwEEkjcfm3EEFgMccep1wvhLwFd6P4kuPEfiXxDP4i1yaAWq3L26QJFACDtSNcgZOSTkZ9M5J7qrJW7PE/2Vv+SWal/wBhmX/0RBXq/if/AJFHWP8Arxn/APRZryj9lb/klmpf9hmX/wBEQV7ZjNS9SjwryLjw/L4LtY43bStcutOuoyoytvdIih146CRcP/vI3qTWm+sTzXUhXW78eM01zyV0cXbqDbeftwbXOwxfZ/n83b1O7fkV7CFA6AD8KMADAAx9KLCPETZafaaR4zsodRuo9UGuJmB9QeSSOJp4CkvlSswzyMORzwMkcVpa9Pe+H7fxjp2napqPkW1jYXUDz3ssssMkkkiSFZXYsAREvAJAOcYya9c2j0H5UYHpRbV2B6o8n8WG9VfHGrxatqkM+ixxy2MMF68UULiBJDlAcOCRyGypycAEknO8RarNeeOdR0m+1a+sJpLyzTT5v+EgFhEkGI2kHkCVJH3EyKGCOSSAGUqSPaCAFPHbsK4+/wDAFrfPqaf2rqNvYatL5l/YQtD5U52qrAsYjIAyooO1x7YpbAP+IVzcaf8AD7Uriynnt540TbJA5V1y6A4brk9Peub1bVodP+Iq/aNXi1RnuIIodOtNblhubQnAI+xxttnQHEjF8MFLZ3BRXpqRhNo6gcc5/r/k1LtHoPyprR3C10rnG+P7+Sys9KFxfzafpE2oJFqd5DMYWihKOVzKpBjUyCNS4IwG68mufvtW0lLrRLe48TXkfhOZLo/2k2pyRLLcKyiOM3YYMU2mUqS/zFMbmxivUsD0FGAOgFK2gzyPSm1PWdS8Naffarq39mzLqZjdbuSCW8tY5Ivs7u6EOTtIIbIZhySQxDNkl1eLwT4j1my1HUri+j1e5tF338uy3tRdbX2qAQNqBj5m1mUZx8oAHr2xf7o/KjA9BTe1g6njUGs6jF4d1yTSdfsbmxU2vmjTvEEurz2cbSbbiXzHUOg8rJA5xsZh3qXxMnhq50HTrvT/ABDfXukWmu2pnvDrM7xWwbAY/aPMyQMjkudhbjbkg+wYHpRgelMVitZSQtaQfZZTNDsXy5PMMm9cDB3Ektkc5yc1apNo44HHTiloGFFFFABRRRQAUUUUAFFFFABRRRQAUUUUAFFFFABRRRQAUUUUAFFFFABS0lLQAUUUUAFFFFACUUUUAFI2NpyMjHIpaKAPOPH3wY8P/EbXodW1y91SCeK3W2VbOWNUKqztkhkY5y7d65n/AIZX8D/9BTxB/wCBMH/xqvbcUUAeJf8ADK/gf/oKeIP/AAJg/wDjVH/DK/gf/oKeIP8AwJg/+NV7aTgGsnxBr1j4a0G81bVpjFaWke+QjlsdgPUnoKTdgPKP+GV/A/8A0FPEH/gTB/8AGqP+GWPBH/QV8Qf+BMH/AMaqlYfFj4peMRPf+A/BlnJpCOUR76TEjkcEhjLGD6YVTg8ZJ69pa/Fm1h+Gk3ivxLp9zpEtvM1tNYP/AK3zgcBFBA5PB+YDAz2BNPpcDmP+GV/A/wD0FPEH/gTB/wDGqP8AhlfwP/0FPEH/AIEwf/Gqp2fxM+MfiWzbWPC3gbTxpEg3QfanPmMMAkjMqFwexCY7DOK6r4YfF5PHk11pGp6fJpGvWS5mtnJxIBhXK5AKkN1QgkZHJ5IBXMH/AIZX8D/9BTxB/wCBMH/xqj/hlfwOOmqeIP8AwJg/+NVmt8Wvibq3xA13w74O0HRtR/sq4lQebuVvLWTaCS06gn/OK1/DHxo1i28aQeEfiZoa6Lqdw6rb3Nu37lt33Acs2QSCu9WYEkAhcEgWqG9CL/hljwRjH9q+IMf9fMH/AMao/wCGV/A//QU8Qf8AgTB/8aqx8UPij4s8LfEDSvDHhHTtPvbjUrdHRLxWyZGdlChhIoH3e9avgzXfi7feJ7eDxr4X0rT9IKt5txbTAupxlcYnc9cdvypLUHoYX/DK/gf/AKCniD/wJg/+NUf8Mr+B/wDoKeIP/AmD/wCNV7bRTA8h0b9m7whofiDT9XtdT12S4sLqO6iWa4hKs6MGG4CIEgkDOCK9eoooAKKKKACiiigAPArhfjDoWp+KPhXq+i6FbG6v7vyRDD5ipu2zxuTliB0U967k8g1y/wAQvFbeBvBN94jFn9tNkYz9n83y9++RY87trdN+elAHlui6l8e9D0Gw0iz8E6K8FhbR2sRluYyxVFCgti5A6D0q9/wkv7Qmc/8ACCeHs/8AXZP/AJKrb034h/ELVdMtdQ0/4V+da3cKzwP/AMJDbrvRgGU4ZQRwR1FWf+E1+Jv/AESP/wAuW1/+JoA5v/hJv2hf+hF8P/8Af9P/AJKpf+En/aF/6EXw/wDhOn/yVXR/8Jr8Tf8Aokf/AJctr/8AE0Hxr8Tdpz8JMD/sZbb/AOJoA4Hwenx08E+E7Pw/pXgzSJrWzL+W9xcxlzvdnOStwB1Y9h+NbX/CS/tCf9CJ4f8A+/yf/JVaPh/4qeOfFOiW+saF8MDdWNwW8qX/AISCBN+1ipO1kB6gjkVp/wDCa/E3/okf/ly23/xNAHN/8JN+0IOngXw//wB/0/8Akql/4Sf9oX/oRfD/AP3/AE/+Sq6P/hNfib/0SP8A8uW1/wDiaX/hNfib/wBEj/8ALltv/iaAPMvAGlfGz4c6FPpGheD9Mngmujcs13dRMwcoi4ytwABhF7Z569K6ceJf2gwePAnh4f8AbZP/AJKq14W+Mfi/xlpT6j4Z+GhvrWKYwNL/AG7DH84VWIw6DsynI4/I42/+E1+Jv/RI/wDy5bb/AOJoA5v/AISb9oQdPAvh/wBv3yf/ACVQfFH7QuD/AMUN4fHv56f/ACVXSf8ACa/E3/okf/ly2v8A8TR/wmvxN/6JH/5ctt/8TQBV+AfhLXPBXga80zxHY/YbuTVHnWLzUkyhiiUHKMwHKnrzx7g16nXDfCv4if8ACyvDVxq403+zRBevaiIT+bu2ojls7Vx/rOnt1ruaACiiigAooooAKTA9KWigBAoAAAAA6cUtFFABRRRQAUUUUAFFFFABRRRQAUUUUAFFFFABRRRQAUUUUAFFFFABRRRQAUUUUAFFFFABRRRQAUUUUAFLSUtABRRRQAUUUUAJRRRQAUUUUAFFFFABXjv7S7XCfCPbb5MbX8In29kwxGf+BBa9hPANY/iXw5YeK/Dt5ourozWt3H5bFSAynsykg8g4I4PIFTIcXZmJ8Jxan4U+G/sRXyxYRBtv9/b8/wCO4tXmX7VTz/8ACO6BGo/0Y3khc9g4QBR+Ran6T8LPix4KSXTfBHjbTRpLNviW7j+YEjJwhikCDJP3WweD3rsH+GNz4k+Gcnhzx7rcmqanNO12NQjXJtpj2jz/AADJGPlBDEALxhy1akRH3dGd3ogthoNgLARi1FsghKY2hNoC4/DFeC6LiT9snUW0wqYFRzOUPBHkKGzjv5mM+9adl8N/jLoOnHRvDvjrTTpMQMdv54PmCM8DBMLmPjoA5A7V2Pwz+FFp8P5b3ULm/k1bWr85nvpV2nBO4gZLHknJJJ3EA8UN68wbQ5Thvg8f+MiPiD6ebc/+lIqH9p/yWuPCiwAf2l9ol8oIBuZSUweOfvYx75qw/wAJ/iZpHxA17xF4N8QaLpv9q3Mr5lLO/ltIWAYNCwB6Zx3ra8L/AAZ1abxlB4u+J2vJreqW7BobeBT5MZU5Q5IXgEk7AqjPOTTSu15Dfu38zj/jTDqlz8evCkXh+6jtdWazgW2nmXckcvmyYYja3GfY/Q16n4A0j4mafrE8nxC8Rabqlk0OIYrSIKyybgckiJOMA+vWuc+KPwv8V+KfiFpXibwlqWm2E2m2yxqbxm3JIrs4YDy2Uj5x144rU8G6J8XrPxVbzeNPFGkajpChxPBbRKsjHadpGIFPDY/iHTvRHVBLZHqVFAooGFFFFABRRRQAUUUUAFebftBAD4F+IcDH/Ht/6UxV6TXm/wC0F/yQvxD/ANu3/pTFQB0fw5H/ABa3wqe/9jWnP/bBau6/4j0zwvpUmpa/fxWNpHwZHbvj7oABLHqcAE1S+HX/ACSzwr/2BrT/ANELXM/GCCP+ydH1CO4gOo6dqcVxp9jcRNMt9KAR5QRFZixByCAcEduol9gOg8KfEfwt41uZbfwzrCXssADvGY5I325xnDqCR6kZxkZxkZ6uvIfDGpXHiH4yRXvi3Sx4a1qx05oLLTXbzXuo2IZ5BOAEcLnGwAkEsc8ED16r6CV7nm37Pv8AyQnw/wD9vP8A6Uy1s+KfiV4V8FXkVl4n1c2VxPH5ka/Z5pNy9M5RSB9M1jfs/f8AJCfD/wD28/8ApTLXocrxwwvLKyoiKWZjwABzmoeg+pynhf4oeFPGWrNp3hnVjfXSRmd0NrNHiMEAnLoB1YV2NeafC9D4j1LWPH14jBtWm+z6d5g5jsoztXA7bmDMfXg16XViW7PE/wBlfn4WakTyf7Zk/wDREFem+I/FmjeDtPF/4l1OOxti2xS+5mZjjhVXJbjk4BPfgV5j+yv/AMkr1L/sMy/+iIK3r8JqX7SOnW93EJItO8PyXVtvGQkrzBS4B77Rip1bsN7NnXeFfGmheM7WW58M6kt9DC4SU7WRkPbKuARnB/I++Ohry9II7D9pgPaYT+0vD3mXKKMb2SYKrH3AAGT2FeoU+iYtnY8T/ZW/5JbqR7/2zJ/6Igr2yvEv2Vv+SV6l/wBhmX/0RBXpnjHXZ/Dvhme/tESW53RwwLLu2ebJIsaFtvO0MwJA5xSbsM6GiuB1WXxD4UXT9Tm8Q3GrwPeQW15aXMECLtldY90RjRWBVmB+ZmBXIPODVsfEC0GpGBtO1RbRdQOmPfmNPJS437APv7yCxA3KpUbgCVOcMV7nZ0Vyn/Cd2n9oMi2GoGwS9+wPqgWP7Ok+7Zsxv8zHmEJu2bcnrjJq9r/iKHw9b2ss8F3ctdXK2sMNqgdmkZWYDkjsvUnA74HIAN2iuWsvG1neRxLLaXtncHUv7MltZ1TzIJthkG8q5XBUAgqWzuHviG/8fWNjPNALPULiePVV0oRQRqWedoBMMZYALtIG44weuB81Azr6K4m2+JNncSRCXR9Xs4zff2dcTXEUYS1uS21Y2IkO7cSuGjDr865I5xR0TxpJp01/FqtrqktsNbntTqTgNbwF5tsafM+/bkqMqrKuRkjBwrgeiUVyS+OrQXzRfYdSksEvfsD6sqxm3SfIXbjd5n3yE3bNu44zirWh+Kk1zULq2tNO1AQ2dxNbS3kqokRlifYyqN+9h3DBdvqdwIDA6OiuLufFyaNqniKXUbu4ubexNoIrVLeNdjSjaqq+/wCYs5Ay+0L64ya6HSdRudRtWmutNu9NfeVWG7khZ2GB82Yndcfjng8dCVfS4rmnRXMW3jCK81OSC10/UJLOGd7aTUgifZxKmd6n5/MADAqW2bQQRmoLHx5bX95YRnT9RtbTUmZbDUJ40EF2QCcKFdnXcoLLvVcgcc4BLjOuorhbb4m2lxo9hqUWia01rqUyW9i3lRZuXZXYAL5mQAYyC7BV5DZK/NVm48fQWzXO/R9WaOxVG1KRBCy6eWUOVk/e5ZlQhmEfmYGDRcDsaK5qTxhAdZksbGw1DUEtmjS6urREeK2MgDKGy4ZvlKk7FbAIzVTwj4p1PxBe6xDf6PcWKWF9JbxSu0e1lUKQrBZWbf8AMSSBtIxg9RQK52FFeeP4xm0LxN4na+s9VvbG0eGWWWDa0VjF5CFmIdxxksxEYc8EkcjO3e+NdPsNN1u9ZbmWHRIRLcNGqnzAYlkGznn5WHXHP6id1cfU6iiuQ0nxXqWo+OdX0abSLiOzsRFsuwYsLuViS483dhiPlAXI/iAq7f8Aiy00291O2uIrrztPs0uyiqp+0KxYBY/m5bchGDjll9c0XF6HRUVx2o/EbSdOs7e5aG+uIprKK9Bt4g5WOWRI0yA2SxaQ8AE/I3cAF03jWWGT7PF4e1q51BIDcz2UX2dpbeLJVWf98Ey20lVVixweKBnX0Vxtx8RLLzIhpOm6prHnWC6in2KFP9QcjJ8x0wwK8ofmOeAcHDdQ+Itha2q3Gn2Oo6vF/Zq6nIbJYx5NuwO12810yWw3yjc3y8jpkuI7Sisd9bji8MvrVzDPDFHam7eElDIqhS+3hiuccfeIz371z9343jvtLvrdbPU9Knm0ue7sJrsLELiNF5ZMMWVl3ISrhXG4HHBwXA7iiuMs/E9zpvg/SJ5NK1fWJf7LiuLl7YRkqPLGSzyyKGYkN8qlm45HIzZn8a23mW0Wk2OoaxJNZpfMliqZigb7jt5jJndhsAZY7T8tFwOqorkdQ8eWtjdXax6fqV3baeEbULuCOMR2YZd3zh3VjhSGYKGIHUdq6iKQSKrI25SAQc9QehoC+tiaiiimMKKKKAClpKWgAooooAKKKKAEooooAKKKKACiiigApMDGMUtFACYHpRtX0H5UtFIBNq/3R+VLiiimAm0dcDNJgU6igNxuB6CnYHpRRQAUUUUAFFFFABRRRQAUUUUAFeb/ALQX/JC/EP8A27f+lMVekHgV5p8fjv8Agfr4JIz9mIz3/wBJi4/LmgDpfh3/AMkr8K46/wBjWn/ohayPHvhXVdc1DRdb8L31taazoczyWy3kbNBKsihXR9vI4GOMnk+oI858K/tI+D9B8G6LpF5p2tyT6fp8FtK0UERVmSNVJGZQcZB7Vqn9qjwMeuk6/wD+A8H/AMepNap9gOj0jwh4w1fxxpfiLx7qGjIujLILGz0ZJNjtICrM7ScjAxgDOfbnPpdeJf8ADVHgbOf7J8QZ9fs8H/x6j/hqnwOeml+IP/AeH/49TW1gOj/Z+z/wofQMdf8AScf+BMtb3j/RtY8SeEbrRtAuorOW92wzTyuy7ISf3m0BTklcgA469RXiPwv+PvhbwT8N9M8P6rYavNdWZmMj20MTRkPK7jBaQHow6gc11n/DVHgYdNJ1/rn/AI94P/j1Jq4Hr+kadbaRpNpp1igS2tYUhiUDGFUYFX68S/4ao8DDppXiD/wHg/8Aj1H/AA1T4I7aX4g/8B4f/j1MA/ZX/wCSVan/ANhmX/0RBXYeNPCuuXniHTPE/gy+s7TWrGJrZor9Wa3uYHIJVyvIw2CMda8N+C/xn8PfDjwbeaTrdlqk802oPcq1lFG6BTHGuCWdTnKH9K9B/wCGqPAx66Tr/wD4Dwf/AB6k0B1/g3wjrlt4ovPFfjS9srrW7yBbSOLT0YQW0AbdhS/zEkgE5xjnrXf14kP2qPAw6aT4g/8AAeD/AOPUv/DVPgg9NK8QZ/694f8A49TElYT9lf8A5JXqX/YZl/8AREFer6/o1r4g0W40u9LrFOBl4jh0ZSGV14PIKgjjqBXlH7LRx8MdRAzj+2ZOnT/UQ17ZtHoPypNXGccPDGtanNYDxPrtvf2ljKlwILSwNs08yEFGlYyuCAwztUIN2DnA206fwYZtJayN/jfraasX8n+7cLN5eNx67cZ/TtXX4HoKMAdBTYjzyD4ZWllr8l9bW/h6aGa+a9Y3+hCe6Rmfc6rcCRcfNnaSrFc9wK6rWNHOq3GmP5/lfYb1brGzdvwjLt68ffrZ2jIOBkHIOOlGB6Ug63OMufBMxkv7qx1VIby41hNWtpJLbekTrCkRVlDAuCqt/Ep+b2yYbXwJcxXqXV7rAuJ/7bGsSbbUIpb7P5JjUBshe4JyRwDvOWPc4HoKNo9B+VAzjZfA5ksruA6jtNzrkesbhAflKSRyeWBu5z5eM9s9KrP4Cvbhp7OfXEfR7rUzqc1sLPbJvE3miNZQ4ATcq5yjE/NgjIx3e0YxgY9MUYHpRYDzyP4ZWtpr819a23h+eKa9a9c6hoaz3YLvvZVuPMTHzZ2llJHvjFdP4e0P+w7O8hFwLgXN/cXm7Zt2mWQvt79M4/D8K29i5ztGR7UoUDoAPoKYHKXHhe5/tDXru1ubIvrEUMbQ31ibiILGpVlZRIu8MGIxkY9+lTeEfDf/AAi1nPb/AGiBxcXBmENnbfZraH5QNsUW9tgO3ccEgszHjPHS7R6D8qMDOcDNJKysK2pyOmeGNQ027uLa01iNdCmuprk2Rs/3wMpLOnnb8bN7M2Am7Bxu9a2k+BbyzGjWl/rSXmk6GxbTrdLPypchGjj82TeQ+1GYfKiZOCc9D2+B6CjA9KLDuzjbLwQ1noXhjTBqAcaBcJOJPJx5+2N0xjcdv+sJ79Me9UdZ+G0GoeI77VreLQLh74xtMms6It8VZUCfu281CqlVX5TkZBIxXoBUHqB+VG0DoB+VAkrKxyUPhnUrDXLy50PVobCy1CSKa6tjY+Y4dVCExPvATciIMMjAYJGOlWdC0K60TVtWljvopbDULtrtLc2xEkMjKob95vIZflJA2AjPU9+k2j0H5UYHoKAscNq/gnUdSudaFpry2tjryJHeQGyEjrGIhGfKk3jaxUMNzBxyuFyDmPXPAV1qcOr2Wma0un6fq9ssFxGbPzZEZY9gKOXACkBQwKseGAZScjvcD0oCqFAAAA4AA6UJWVhu7OZsvD1zY+LrrV7W/hNtfQQx3Fq9uS+6JWVWSQPhR83KlW6Hnng1zwwNZ13S9RjvjbNaN+9QR7vtMfmRyhM5+XDxIc4PBYY+bNdNgelG0egotoLZ6Hn6fDgDTdTtJNT3G9vYJo28jH2aCGYTJBjdzglxnI4cccVqan4a1R/EE+r+H9Yh0+4u7RLW6S5svtKuEZjG6YdNrDe/XKnI44yeswPSgqp6qPyoCxyej+DLfRJFFndN9nTSo9NjjdNzAKztvJyM53dMDpx1xXnms+FZ9H1C1s5BeyxWOhWthHOumX13DfKm8NG0drKgUbuqymQNvA4AOfb9o9B+VGB6UW1uPpY5fUxf6j8NLxbmwMGo3GkyCSxiIkMcrQnMakZB+Y4GOtZdh4O1G9hhuNd1kXJi0mWwtQtl5TRLKF3vId5Dv8ijgIPvcc8d5gelAUDoAPwoa1uI861b4YtqqWUUl7YTw22mR6eY9Q0wXQj2rgy24ZwInIIyTvzhcg7eblr4M1PSRZS+H9chtbmPTINNupJ7DzVmWEHZIo8xdjje/UuPmAIOMnudoPUD8qMA9QKLAefat8NIL7xBd6rBHoVzLfbGnGtaIt8yuqBPkYSJsUqo4ORnJGM4PdQIY40UbAFAACLgAdOB2/p71Pgeg/Klp62GFFFFABRRRQAUtJS0AFFFFABRRRQAlFFFABRRRQAUUUUAFFFFABRRRQAUUUUAFFFFABRRRQAUUUUAFFFFABRRRQAUUUUAFJsXj5Rx04/z6UUUALgelFFFABRRRQAUUUUAFFFFABRRRQAUUUUAGOc96KKKACiiigAooooAKKKKACiiigAooooAKKKKACiiigAooooAKKKKACiiigAooooAKKKKACiiigAooooAKKKKACiiigAooooAKKKKACloooAKKKKACiiigD//2Q==\" data-filename=\"Capture.JPG\"><br></p>', 62, 21, 0, 0, 0, '2018-03-11 17:38:45', '2018-03-11 17:38:45'),
(76, '<p>asdasdasdasd<br></p>', 68, 21, 0, 0, 0, '2018-03-11 17:52:15', '2018-03-11 17:52:15'),
(77, '<p>HAHAHA<br></p>', 68, 21, 0, 0, 0, '2018-03-11 18:29:37', '2018-03-11 18:29:37'),
(78, '<p>asdas<br></p>', 69, 21, 0, 0, 0, '2018-03-11 18:44:15', '2018-03-11 18:44:15'),
(79, '<p>asdasd<br></p>', 70, 21, 0, 0, 0, '2018-03-11 18:51:36', '2018-03-11 18:51:36'),
(80, '<p>asd<br></p>', 70, 27, 0, 0, 0, '2018-03-15 16:56:14', '2018-03-15 16:56:14'),
(81, '<p>asdasd<br></p>', 70, 27, 0, 0, 0, '2018-03-15 16:56:18', '2018-03-15 16:56:18'),
(82, '<p>aa<br></p>', 70, 27, 0, 0, 0, '2018-03-15 16:56:24', '2018-03-15 16:56:24'),
(83, '<p>asdasd<br></p>', 70, 21, 0, 0, 0, '2018-03-15 16:56:47', '2018-03-15 16:56:47'),
(84, '<p>asdasd<br></p>', 70, 21, 0, 0, 0, '2018-03-15 17:05:57', '2018-03-15 17:05:57'),
(85, '<p>asdasd<br></p>', 70, 21, 0, 0, 0, '2018-03-15 17:06:39', '2018-03-15 17:06:39'),
(86, '<p>asdasd<br></p>', 70, 21, 0, 0, 0, '2018-03-15 17:11:56', '2018-03-15 17:11:56'),
(87, '<p>asdasd<br></p>', 70, 21, 1, 0, 0, '2018-03-15 17:13:23', '2018-03-15 17:13:23'),
(88, '<p>asdasd<br></p>', 70, 21, 0, 0, 0, '2018-03-15 17:13:28', '2018-03-15 17:13:28'),
(89, '<p>asdasd<br></p>', 70, 27, 0, 0, 0, '2018-03-15 17:43:50', '2018-03-15 17:43:50'),
(90, '<p>HAHHAHAHA<br></p>', 71, 21, 1, 0, 0, '2018-03-16 15:15:12', '2018-03-16 15:15:12');
INSERT INTO `comments` (`id`, `body`, `post_id`, `user_id`, `is_anonim`, `up_vote`, `down_vote`, `created_at`, `updated_at`) VALUES
(91, '<p>HAHAHHAHAH<br></p>', 71, 27, 0, 0, 0, '2018-03-16 15:15:25', '2018-03-16 15:15:25'),
(92, '<p>karena aslonya dia kocak</p>', 71, 28, 0, 0, 0, '2018-03-17 02:31:43', '2018-03-17 02:31:43'),
(93, '<p>asdasd</p>', 70, 27, 0, 0, 0, '2018-03-17 02:49:23', '2018-03-17 02:49:23'),
(94, '<p>WEW KAKAK AKAKAK</p>', 70, 21, 0, 0, 0, '2018-03-17 02:59:40', '2018-03-17 02:59:40'),
(95, '<p>asdasd</p>', 71, 21, 0, 0, 0, '2018-03-17 03:37:58', '2018-03-17 03:37:58'),
(96, '<p>LLL</p>', 71, 21, 0, 0, 0, '2018-03-17 03:39:36', '2018-03-17 03:39:36'),
(97, '<p>asadasdasdasd</p>', 71, 21, 1, 0, 0, '2018-03-17 03:40:30', '2018-03-17 03:40:30');

-- --------------------------------------------------------

--
-- Table structure for table `comment_likes`
--

CREATE TABLE `comment_likes` (
  `id` int(10) UNSIGNED NOT NULL,
  `comment_id` varchar(255) COLLATE utf8mb4_unicode_ci NOT NULL,
  `user_id` varchar(255) COLLATE utf8mb4_unicode_ci NOT NULL,
  `flag_vote` int(11) NOT NULL,
  `created_at` timestamp NULL DEFAULT NULL,
  `updated_at` timestamp NULL DEFAULT NULL
) ENGINE=InnoDB DEFAULT CHARSET=utf8mb4 COLLATE=utf8mb4_unicode_ci;

--
-- Dumping data for table `comment_likes`
--

INSERT INTO `comment_likes` (`id`, `comment_id`, `user_id`, `flag_vote`, `created_at`, `updated_at`) VALUES
(4, '95', '21', 1, '2018-03-20 00:39:38', '2018-03-20 00:39:38'),
(5, '92', '21', 1, '2018-03-20 01:17:33', '2018-03-20 01:17:33'),
(6, '91', '21', 1, '2018-03-20 01:17:43', '2018-03-20 01:17:43'),
(7, '90', '21', 1, '2018-03-20 01:17:45', '2018-03-20 01:17:45'),
(8, '96', '21', 1, '2018-03-20 01:17:48', '2018-03-20 01:17:48'),
(9, '91', '28', 1, '2018-03-20 01:18:19', '2018-03-20 01:18:19'),
(11, '92', '28', 1, '2018-03-20 01:18:22', '2018-03-20 01:18:22'),
(13, '96', '28', 1, '2018-03-20 01:18:24', '2018-03-20 01:18:24');

-- --------------------------------------------------------

--
-- Table structure for table `migrations`
--

CREATE TABLE `migrations` (
  `id` int(10) UNSIGNED NOT NULL,
  `migration` varchar(255) COLLATE utf8mb4_unicode_ci NOT NULL,
  `batch` int(11) NOT NULL
) ENGINE=InnoDB DEFAULT CHARSET=utf8mb4 COLLATE=utf8mb4_unicode_ci;

--
-- Dumping data for table `migrations`
--

INSERT INTO `migrations` (`id`, `migration`, `batch`) VALUES
(1, '2014_10_12_000000_create_users_table', 1),
(2, '2018_02_24_022258_create_posts_table', 1),
(3, '2018_02_24_023544_create_comments_table', 1),
(4, '2018_02_24_023553_create_titles_table', 1),
(5, '2018_03_16_034252_create_post_like', 2);

-- --------------------------------------------------------

--
-- Table structure for table `posts`
--

CREATE TABLE `posts` (
  `id` int(10) UNSIGNED NOT NULL,
  `title` varchar(255) COLLATE utf8mb4_unicode_ci NOT NULL,
  `user_id` int(11) NOT NULL,
  `post_category` int(11) NOT NULL,
  `body` text COLLATE utf8mb4_unicode_ci NOT NULL,
  `up_vote` int(11) NOT NULL,
  `down_vote` int(11) NOT NULL,
  `created_at` timestamp NULL DEFAULT NULL,
  `updated_at` timestamp NULL DEFAULT NULL
) ENGINE=InnoDB DEFAULT CHARSET=utf8mb4 COLLATE=utf8mb4_unicode_ci;

--
-- Dumping data for table `posts`
--

INSERT INTO `posts` (`id`, `title`, `user_id`, `post_category`, `body`, `up_vote`, `down_vote`, `created_at`, `updated_at`) VALUES
(70, 'Kenapa belimbing bewarna Hitam?', 21, 0, '<p>asdasd wkkwkw wkwkkw<br></p>', 0, 0, '2018-03-11 18:44:55', '2018-03-11 18:51:33'),
(71, 'Kenapa Luqman Kocak?', 21, 0, '<p>Ya karena dia kocak<br></p>', 0, 0, '2018-03-16 15:15:01', '2018-03-16 15:15:01'),
(72, 'KENAPA LUQMAN KOCAK 2?', 21, 0, '<p>WKWKWKW</p>', 0, 0, '2018-03-17 05:14:44', '2018-03-17 05:14:44');

-- --------------------------------------------------------

--
-- Table structure for table `post_likes`
--

CREATE TABLE `post_likes` (
  `id` int(10) UNSIGNED NOT NULL,
  `post_id` varchar(255) COLLATE utf8mb4_unicode_ci NOT NULL,
  `user_id` varchar(255) COLLATE utf8mb4_unicode_ci NOT NULL,
  `flag_vote` int(11) NOT NULL,
  `created_at` timestamp NULL DEFAULT NULL,
  `updated_at` timestamp NULL DEFAULT NULL
) ENGINE=InnoDB DEFAULT CHARSET=utf8mb4 COLLATE=utf8mb4_unicode_ci;

--
-- Dumping data for table `post_likes`
--

INSERT INTO `post_likes` (`id`, `post_id`, `user_id`, `flag_vote`, `created_at`, `updated_at`) VALUES
(107, '71', '28', 1, '2018-03-17 02:31:20', '2018-03-17 02:31:20'),
(108, '70', '28', 1, '2018-03-17 02:31:51', '2018-03-17 02:31:51'),
(136, '71', '21', 1, '2018-03-20 00:49:05', '2018-03-20 00:49:05');

-- --------------------------------------------------------

--
-- Table structure for table `titles`
--

CREATE TABLE `titles` (
  `id` int(10) UNSIGNED NOT NULL,
  `title` varchar(255) COLLATE utf8mb4_unicode_ci NOT NULL,
  `created_at` timestamp NULL DEFAULT NULL,
  `updated_at` timestamp NULL DEFAULT NULL
) ENGINE=InnoDB DEFAULT CHARSET=utf8mb4 COLLATE=utf8mb4_unicode_ci;

-- --------------------------------------------------------

--
-- Table structure for table `users`
--

CREATE TABLE `users` (
  `id` int(10) UNSIGNED NOT NULL,
  `name` varchar(255) COLLATE utf8mb4_unicode_ci NOT NULL,
  `email` varchar(255) COLLATE utf8mb4_unicode_ci NOT NULL,
  `password` varchar(255) COLLATE utf8mb4_unicode_ci NOT NULL,
  `remember_token` varchar(100) COLLATE utf8mb4_unicode_ci DEFAULT NULL,
  `api_token` varchar(60) COLLATE utf8mb4_unicode_ci DEFAULT NULL,
  `created_at` timestamp NULL DEFAULT NULL,
  `updated_at` timestamp NULL DEFAULT NULL,
  `last_login` timestamp NOT NULL DEFAULT CURRENT_TIMESTAMP,
  `login_count` int(11) DEFAULT '1'
) ENGINE=InnoDB DEFAULT CHARSET=utf8mb4 COLLATE=utf8mb4_unicode_ci;

--
-- Dumping data for table `users`
--

INSERT INTO `users` (`id`, `name`, `email`, `password`, `remember_token`, `api_token`, `created_at`, `updated_at`, `last_login`, `login_count`) VALUES
(21, 'BaronFive', 'afiqrasyidm@gmail.com', '$2y$10$oNvHFPWtfydPY7FlhlVBYu//ObA75b1zJFA9ajO6unvIbrVDLpb3e', 'LpcM5JsoeFJ9ig7yEluetYcs6X6AobxgAtrkXgdSlqeXcNp5hSFJmkrrQv79', 'RYKsUUS8g9kCcI4EYpnZ6LULeiZEtnsCGEKVoMMVqcNbBFkRMJLSMCfukKWr', '2018-03-11 16:45:03', '2018-03-11 16:45:03', '2018-03-20 01:12:30', 270),
(22, 'admin', 'admin@test.com', '$2y$10$3lLqyyhkwViunNTQIa6e1Ow2jywQjv6Y51ZNh3x6Xo0Zis1En6EFy', 'cKBwmi8iuwYi8LenIdky5Zzl12h8h6dVEav9wkOfUpNS7SlvOe13GU6KpXtd', 'ao4uFK2idjbAg8iWcrYoLXOtks1jRxBJ2A2mvqKQdBNuRnuJ5dG4TLXJGw59', '2018-03-11 18:11:06', '2018-03-11 18:11:06', '2018-03-11 18:11:06', 2),
(27, 'anonim', 'anonim@anonim.com', '$2y$10$rj5utQQimlKAjacRhhIX2ue0yhDLy2jQBg4NOuFlhnh0ewlYXTtoW', NULL, 'gavcvwU09NO87fdJyRTp3zCLlROR11BVqrHW8KsmgM6BE33xWrGc8Uj25A1R', '2018-03-15 16:52:18', '2018-03-15 16:52:19', '2018-03-15 23:52:18', 1),
(28, 'Kocak', 'kocak@kocak.com', '$2y$10$RwwoYitQqAMa3iiQsHXcQ.e/cxdzoFGfVDobgA6t/vMvezUfjQxmK', '1GcTv23mJFE1BYOmXDz0lzE1Dk9VDAzzTgiuONC1XhNyXn6RCXEyjCy9O70I', '4rlP7dlLe1dSuZtlb7eweKP9hGUG8RDnR4gnyqNWlTjueDycnKY0v3cU7OfA', '2018-03-17 02:31:16', '2018-03-17 02:31:16', '2018-03-20 01:18:15', 7);

--
-- Indexes for dumped tables
--

--
-- Indexes for table `comments`
--
ALTER TABLE `comments`
  ADD PRIMARY KEY (`id`);

--
-- Indexes for table `comment_likes`
--
ALTER TABLE `comment_likes`
  ADD PRIMARY KEY (`id`);

--
-- Indexes for table `migrations`
--
ALTER TABLE `migrations`
  ADD PRIMARY KEY (`id`);

--
-- Indexes for table `posts`
--
ALTER TABLE `posts`
  ADD PRIMARY KEY (`id`);

--
-- Indexes for table `post_likes`
--
ALTER TABLE `post_likes`
  ADD PRIMARY KEY (`id`);

--
-- Indexes for table `titles`
--
ALTER TABLE `titles`
  ADD PRIMARY KEY (`id`);

--
-- Indexes for table `users`
--
ALTER TABLE `users`
  ADD PRIMARY KEY (`id`),
  ADD UNIQUE KEY `users_api_token_unique` (`api_token`);

--
-- AUTO_INCREMENT for dumped tables
--

--
-- AUTO_INCREMENT for table `comments`
--
ALTER TABLE `comments`
  MODIFY `id` int(10) UNSIGNED NOT NULL AUTO_INCREMENT, AUTO_INCREMENT=98;

--
-- AUTO_INCREMENT for table `comment_likes`
--
ALTER TABLE `comment_likes`
  MODIFY `id` int(10) UNSIGNED NOT NULL AUTO_INCREMENT, AUTO_INCREMENT=14;

--
-- AUTO_INCREMENT for table `migrations`
--
ALTER TABLE `migrations`
  MODIFY `id` int(10) UNSIGNED NOT NULL AUTO_INCREMENT, AUTO_INCREMENT=6;

--
-- AUTO_INCREMENT for table `posts`
--
ALTER TABLE `posts`
  MODIFY `id` int(10) UNSIGNED NOT NULL AUTO_INCREMENT, AUTO_INCREMENT=73;

--
-- AUTO_INCREMENT for table `post_likes`
--
ALTER TABLE `post_likes`
  MODIFY `id` int(10) UNSIGNED NOT NULL AUTO_INCREMENT, AUTO_INCREMENT=137;

--
-- AUTO_INCREMENT for table `titles`
--
ALTER TABLE `titles`
  MODIFY `id` int(10) UNSIGNED NOT NULL AUTO_INCREMENT;

--
-- AUTO_INCREMENT for table `users`
--
ALTER TABLE `users`
  MODIFY `id` int(10) UNSIGNED NOT NULL AUTO_INCREMENT, AUTO_INCREMENT=29;
COMMIT;

/*!40101 SET CHARACTER_SET_CLIENT=@OLD_CHARACTER_SET_CLIENT */;
/*!40101 SET CHARACTER_SET_RESULTS=@OLD_CHARACTER_SET_RESULTS */;
/*!40101 SET COLLATION_CONNECTION=@OLD_COLLATION_CONNECTION */;
